ASV_ID	Phylum	Class	Order	Family	Genus	Species	Confidence
b420cc4cbba68eb58ab7be309d204606	NA	NA	NA	NA	NA	NA	NA
a20c47626ebdebb8ba87a6258ebc9856	Chordata	Actinopterygii	Siluriformes	Ictaluridae	Ameiurus	NA	98.6091398
c002110654e04988801454dd4b9fbc22	Chordata	Actinopterygii	Siluriformes	NA	NA	NA	81.56391819999999
11f36194dfad8c360e14e3f94264904f	Chordata	Actinopterygii	Siluriformes	Ictaluridae	NA	NA	94.8919135
a1a54459494154f998792c9c5ffcbc91	Chordata	Actinopteri	Uranoscopiformes	Ammodytidae	Ammodytes	Ammodytes dubius	100
1e646e70fecffb34dc28c644c3e111c9	Chordata	Actinopteri	Uranoscopiformes	Ammodytidae	Hyperoplus	Hyperoplus lanceolatus	100
4f991146a6228211cf0a27f7bb28a7c1	Chordata	Actinopteri	Uranoscopiformes	Ammodytidae	Hyperoplus	Hyperoplus lanceolatus	99.408
1c602b89bd6d41ebb33f3cf918f8da71	Chordata	Actinopteri	Uranoscopiformes	Ammodytidae	Hyperoplus	Hyperoplus lanceolatus	99.408
eaa3fb77d07363d050c936c1e7c040f2	Chordata	Actinopteri	Uranoscopiformes	Ammodytidae	Hyperoplus	Hyperoplus lanceolatus	99.408
ec550122652944ead7fed318e45ca3bd	Chordata	Actinopteri	Uranoscopiformes	Ammodytidae	Hyperoplus	NA	98.817
69645e62ce3dcabbc86b1f228e098c66	Chordata	Actinopteri	Uranoscopiformes	Ammodytidae	Hyperoplus	Hyperoplus lanceolatus	99.408
9c5114711e97ca005f198e5551e05bef	Chordata	Actinopteri	Uranoscopiformes	Ammodytidae	Hyperoplus	Hyperoplus lanceolatus	99.408
990e35eb3a33a4437b739c78ecdd6a97	Chordata	Actinopteri	Uranoscopiformes	Ammodytidae	Hyperoplus	Hyperoplus lanceolatus	99.408
c0ee9ea480068fa6f8e78b35dee7d362	Chordata	Actinopteri	Uranoscopiformes	Ammodytidae	Hyperoplus	Hyperoplus lanceolatus	99.408
988328c7b47cbda560b022ed3d5c53a0	Chordata	Actinopteri	Uranoscopiformes	Ammodytidae	Hyperoplus	Hyperoplus lanceolatus	99.408
fa185a9da303fa3fd908bc3ef63b85d5	Chordata	Actinopteri	Uranoscopiformes	Ammodytidae	Hyperoplus	Hyperoplus lanceolatus	99.408
417c1c5cbf75e453331061836c5d0025	Chordata	Actinopteri	Uranoscopiformes	Ammodytidae	Hyperoplus	Hyperoplus lanceolatus	99.408
10177416e5770ffc335fca124101e3f6	Chordata	Actinopteri	Uranoscopiformes	Ammodytidae	Hyperoplus	Hyperoplus lanceolatus	99.401
510fc640c809ed5a09b902588703a6ee	Chordata	Actinopteri	Anguilliformes	Anguillidae	Anguilla	Anguilla rostrata	100
caba00a3b4252ef1350b9c03c66fea54	Chordata	Actinopteri	Anguilliformes	Anguillidae	Anguilla	Anguilla rostrata	100
80a12c2e3bae94569f91881e94bfcc73	Chordata	Actinopteri	Anguilliformes	Anguillidae	Anguilla	Anguilla rostrata	99.408
66f6f95a7cd4ca3918aca5a404cc21f0	Chordata	Actinopteri	Anguilliformes	Anguillidae	Anguilla	Anguilla rostrata	99.408
c21e397e802518dbc8252478a8be79db	Chordata	Actinopterygii	Cypriniformes	Nemacheilidae	Barbatula	Barbatula barbatula	100
4cf42de5cddd00064d51dfe844d61dec	Chordata	Actinopterygii	Gadiformes	Lotidae	Brosme	Brosme brosme	99.99999790000001
852e37ecfa2b3985d66117af128b8063	Chordata	Actinopterygii	Clupeiformes	Clupeidae	Clupea	Clupea harengus	99.2967247
29715cbfac4933ea6978f13159a0fd5f	Chordata	Actinopterygii	Clupeiformes	Clupeidae	Clupea	NA	98.3353077
cc5de1240d6aec211bdc0ba4bb567a1c	Chordata	Actinopterygii	Clupeiformes	Clupeidae	Clupea	Clupea harengus	99.9899559
358b85466f0093cbcaddf3f25b296726	Chordata	Actinopterygii	Clupeiformes	Clupeidae	Clupea	Clupea harengus	99.92664
d944fa73762f2ec14340507864d22588	Chordata	Actinopterygii	Clupeiformes	Clupeidae	Clupea	Clupea harengus	99.90439810000001
1e4a05c71502a4f48610bd441fcab27f	Chordata	Actinopterygii	Clupeiformes	Clupeidae	Clupea	Clupea harengus	99.8865903
bf0716044f0c0be85735b0ac90b17861	Chordata	Actinopterygii	Clupeiformes	Clupeidae	Clupea	Clupea harengus	99.8230365
bf5b2f921586fe5c2a3a4d0e76821ed1	Chordata	Actinopterygii	Clupeiformes	Clupeidae	Clupea	Clupea harengus	99.9787854
6b5ad4bb8f8a35e9c7c862df6beb0f6d	Chordata	Actinopterygii	Clupeiformes	Clupeidae	Clupea	NA	98.87564909999999
f9e78fc6f0b100d87729a84e14c147ff	Chordata	Actinopterygii	Clupeiformes	Clupeidae	Clupea	Clupea harengus	99.8453178
11174f7ab82760261c63d86e70df1150	Chordata	Actinopterygii	Clupeiformes	Clupeidae	Clupea	Clupea harengus	99.8564641
10832d30009b02dfec9cdedfeba5b8ec	Chordata	Actinopterygii	Clupeiformes	Clupeidae	Clupea	Clupea harengus	99.7416676
088767a34ead6142e68a872369473b16	Chordata	Actinopterygii	Clupeiformes	Clupeidae	Clupea	NA	98.4546215
7faa9304488d3cafffcccedb149dc0a5	Chordata	Actinopterygii	Clupeiformes	Clupeidae	Clupea	NA	98.2439031
6fe50f27fb622c29d2eb99405f228cee	Chordata	Actinopterygii	Clupeiformes	Clupeidae	Clupea	NA	98.43584050000001
918f5e1e851d9f80fc859a1b890304cb	Chordata	Actinopterygii	Clupeiformes	Clupeidae	Clupea	NA	96.5490606
d7b2574f6a222841ad1b61ac15984d5d	Chordata	Actinopterygii	Clupeiformes	Clupeidae	Clupea	Clupea harengus	99.82617499999999
b647cdad8d28c7e9d7c08248ecdbda03	Chordata	Actinopterygii	Clupeiformes	Clupeidae	Clupea	NA	98.3273746
98d7c54f52cf6803b475cba7b1a84d93	Chordata	Actinopterygii	Clupeiformes	Clupeidae	Clupea	NA	98.4301226
8fc3cea70b127aff09be3872eaf5985d	Chordata	Actinopterygii	Clupeiformes	Clupeidae	Clupea	NA	98.42679629999999
6be472b272aea882531ac038ed08762b	Chordata	Actinopterygii	Clupeiformes	Clupeidae	Clupea	NA	96.1599978
aa361f68345879191705fb88710c05fb	Chordata	Actinopterygii	Clupeiformes	Clupeidae	Clupea	NA	97.3972848
51d76beda6dafbd418f0dad03dd4f65e	Chordata	Actinopterygii	Clupeiformes	Clupeidae	Clupea	Clupea harengus	99.6576039
af3f016e1ffc6fec371731581122dd1c	Chordata	Actinopterygii	Clupeiformes	Clupeidae	Clupea	Clupea harengus	99.8326971
8a75cb3419869424ee5a36764e006785	Chordata	Actinopterygii	Clupeiformes	Clupeidae	Clupea	NA	98.4037563
933c59d07fa134b06d1a1116a95520b5	Chordata	Actinopterygii	Clupeiformes	Clupeidae	Clupea	NA	98.3666715
7bfbf224db92a21bed4a52763e6a500e	Chordata	Actinopterygii	Clupeiformes	NA	NA	NA	71.4114336
1f10d7c988492b388a69c651dd481a59	Chordata	Actinopterygii	Clupeiformes	Clupeidae	Clupea	NA	96.378755
68d98e0128f8d0a38f0e49af3dc9b223	Chordata	Actinopterygii	Clupeiformes	Clupeidae	Clupea	NA	98.2395589
a1ccc550c4160e695cf0085092489f2c	Chordata	Actinopterygii	Clupeiformes	Clupeidae	Clupea	NA	98.3749691
5d47f12a165393b21ce48b71b583001d	Chordata	Actinopterygii	Clupeiformes	Clupeidae	Clupea	NA	98.5114059
ca06f19250610f2329fbfb19bf4c84b6	Chordata	Actinopterygii	Clupeiformes	Clupeidae	Clupea	NA	97.7017359
cdadfb172fcd4f1c2a11ac6bf2d6c98b	Chordata	Actinopterygii	Clupeiformes	Clupeidae	Clupea	NA	96.1087361
fbc4b0c17d07e5621ed81342d2e62b5d	Chordata	Actinopterygii	Clupeiformes	Clupeidae	Clupea	NA	98.47615280000001
efb675a0b9257fac2a059f52756e0a73	Chordata	Actinopterygii	Clupeiformes	Clupeidae	Clupea	NA	96.1599686
32b311eae4a082f487243ad337dd9633	Chordata	Actinopterygii	Clupeiformes	Clupeidae	Clupea	NA	98.50369789999999
ea339e8252693368d34a526526389524	Chordata	Actinopterygii	Clupeiformes	Clupeidae	Clupea	Clupea harengus	99.9983732
d17aa81552a99e3fc04976a9b000fcd4	Chordata	Actinopterygii	Clupeiformes	Clupeidae	Clupea	NA	97.61642040000001
2ff11622afa805cf37b83d9c9e3f6d79	Chordata	Actinopterygii	Clupeiformes	NA	NA	NA	84.2307508
34ed15c593e0525c5e59ba6a95df78bb	Chordata	Actinopterygii	Clupeiformes	Clupeidae	Clupea	NA	98.3273746
eba94b93967b09be552c67f32ca29582	Chordata	Actinopterygii	Clupeiformes	Clupeidae	Clupea	Clupea harengus	99.8629143
a9528e1dffddbe20e601118a0db89f95	Chordata	Actinopterygii	Clupeiformes	Clupeidae	Clupea	Clupea harengus	99.6308842
75b0f376117520ebaf41b2c3be3b28fd	Chordata	Actinopterygii	Clupeiformes	Clupeidae	Clupea	NA	98.3588371
7d8dd3b838b085ac32b269acfb516d9c	Chordata	Actinopterygii	Clupeiformes	Clupeidae	Clupea	NA	98.8751791
5e86d624d2ea3e3ce844c7037430ce81	Chordata	Actinopterygii	Clupeiformes	Clupeidae	Clupea	Clupea harengus	99.9798099
3bdf350a92c303a189825e79f8b475d1	Chordata	Actinopterygii	Clupeiformes	Clupeidae	Clupea	Clupea harengus	99.9741895
9f6901136ef9d91b283e5b839f1d8fbf	Chordata	Actinopterygii	Clupeiformes	Clupeidae	Clupea	NA	98.5352946
2c102604af8d9bdb60fb205a7af901f6	Chordata	Actinopterygii	Clupeiformes	Clupeidae	Clupea	NA	98.0617723
75f6f90c1fb6b324332b1a69e8d89c87	Chordata	Actinopterygii	Clupeiformes	Clupeidae	Clupea	NA	98.4067087
9b764cfd2abbe663a9ffcd13751940b1	Chordata	Actinopterygii	Clupeiformes	Clupeidae	Clupea	Clupea harengus	99.9977841
fdf041e3595beab5afaef87162f464dc	Chordata	Actinopterygii	Clupeiformes	Clupeidae	Clupea	NA	97.60411669999999
7250bfa9922e234cc54b325c7114d9e5	Chordata	Actinopterygii	Clupeiformes	Clupeidae	Clupea	NA	98.1305039
eefc4af300a40cf60335744b6a52994b	Chordata	Actinopterygii	Clupeiformes	Clupeidae	NA	NA	93.43855810000001
1310e61f872d662ff6305e2999d0599e	Chordata	Actinopterygii	Clupeiformes	Clupeidae	Clupea	NA	97.7203923
fe39f85c0b61758a5d318ff25b7996d1	Chordata	Actinopterygii	Clupeiformes	Clupeidae	Clupea	Clupea harengus	99.0819473
3f321678b60bf2f605da974962604d4d	Chordata	Actinopterygii	Clupeiformes	Clupeidae	Clupea	NA	98.3510629
d92ea49dc1117ed84c4ea1d00ddb8652	Chordata	Actinopterygii	Clupeiformes	Clupeidae	Clupea	NA	97.6286882
b3a3a4640478a7dad081a2679b15d67d	Chordata	Actinopterygii	Clupeiformes	Clupeidae	Clupea	NA	96.18374560000001
13dc388de6713e833a9649df3ab89d6e	Chordata	Actinopterygii	Clupeiformes	Clupeidae	Clupea	NA	98.9501868
ea5e46b4c105cdf124ade9ca4d233932	Chordata	Actinopterygii	Clupeiformes	Clupeidae	Clupea	Clupea harengus	99.83469000000001
45cb6b90e80a30551e14926f598e68a5	Chordata	Actinopterygii	Clupeiformes	Clupeidae	Clupea	Clupea harengus	99.162408
42f41426532a26a4044fc4ddbccb5a28	Chordata	Actinopterygii	Clupeiformes	Clupeidae	Clupea	Clupea harengus	99.95003580000001
b85fc83036c234419b4fbd70af7e037d	Chordata	Actinopterygii	Clupeiformes	Clupeidae	Clupea	NA	98.3683061
471994c3179fd8622e9b8762aea9fa73	Chordata	Actinopterygii	Clupeiformes	Clupeidae	Clupea	NA	98.3673532
794122959ae320bfc0093d896f9e8b78	Chordata	Actinopterygii	Clupeiformes	Clupeidae	Clupea	Clupea harengus	99.6056368
b1d371938171fb05d441dfd2832ee370	Chordata	Actinopterygii	Clupeiformes	Clupeidae	Clupea	NA	96.3654219
93c53c2913a4a8a72320e56da5ae60d8	Chordata	Actinopterygii	Clupeiformes	Clupeidae	Clupea	NA	96.0929425
903179c92da71fe61a35c1ffb13eba7b	Chordata	Actinopterygii	Clupeiformes	Clupeidae	Clupea	NA	98.4740844
a837e1ebb3ff4707f798cdfaa1a173e8	Chordata	Actinopterygii	Clupeiformes	Clupeidae	Clupea	NA	96.8347323
1196616f486c3d51bd499743d52cac03	Chordata	Actinopterygii	Clupeiformes	Clupeidae	Clupea	Clupea harengus	99.6977694
76a95127605e2a4adfdb12b98d4db267	Chordata	Actinopterygii	Clupeiformes	Clupeidae	Clupea	NA	98.3353077
388a0a5035ed187a4ad2c1eec405d7ea	Chordata	Actinopterygii	Clupeiformes	Clupeidae	Clupea	Clupea harengus	99.97764169999999
f9771b0f448a7dd01744142d67d41ddc	Chordata	Actinopterygii	Clupeiformes	Clupeidae	Clupea	NA	96.7350144
bd7e83c243363da51fc11b89aa3551b9	Chordata	Actinopterygii	Clupeiformes	Clupeidae	Clupea	Clupea harengus	99.7433039
4137a9a86a2cc0682d50768e2850ccbc	Chordata	Actinopterygii	Clupeiformes	Clupeidae	Clupea	NA	98.41146549999999
766d74d5ae60ce0448a774757132ee70	Chordata	Actinopterygii	Clupeiformes	Clupeidae	NA	NA	94.6040824
0a7f369a5aceb78f3bc92b4ebc0a9a45	Chordata	Actinopterygii	Clupeiformes	Clupeidae	Clupea	NA	97.7221934
f057627008dec9afbd566de02d81476f	Chordata	Actinopterygii	Clupeiformes	Clupeidae	Clupea	Clupea harengus	99.8573563
9e4c0be7f5121d581a91c3bca77a805c	Chordata	Actinopterygii	Clupeiformes	Clupeidae	Clupea	NA	98.9124187
1520771eca0eac64896ed4718c208c44	Chordata	Actinopterygii	Clupeiformes	Clupeidae	Clupea	NA	96.0905113
6c6acde4f9d1b76cd90bd2e2ed6a58ea	Chordata	Actinopteri	Perciformes	Agonidae	Aspidophoroides	Aspidophoroides monopterygius	100
7f0f817ff958cc3449e35e60f1a21007	Chordata	Actinopteri	Perciformes	Agonidae	Hemitripterus	Hemitripterus americanus	99.408
6b1c5817f627aa65c3ce1152e901964d	Chordata	Actinopteri	Labriformes	Labridae	Tautogolabrus	Tautogolabrus adspersus	100
19be4e34ff4ffe0491d237d152fc19b0	Chordata	Actinopteri	Labriformes	Labridae	Tautogolabrus	Tautogolabrus adspersus	99.408
bab5d3f62a82b1c23c03f3433dc23049	Chordata	Actinopterygii	Scorpaeniformes	Cyclopteridae	Cyclopterus	Cyclopterus lumpus	100
91fdd22635acafb68a39de8cf43b7f84	Chordata	Actinopterygii	Perciformes	Moronidae	Dicentrarchus	Dicentrarchus labrax	99.9999922
f4d31801485e74a1a8e24d1dd8bfb77f	Chordata	Actinopterygii	Perciformes	Moronidae	Dicentrarchus	Dicentrarchus labrax	100
db9fbe094542df0b6fca48acd6d6a6bb	Chordata	Actinopterygii	Perciformes	Moronidae	Dicentrarchus	Dicentrarchus labrax	100
30aea7d8c5ea248b595c191883cae19b	Chordata	Actinopterygii	Perciformes	Moronidae	Dicentrarchus	Dicentrarchus labrax	99.9997882
f62291986e00e2fbad38d6d0349f29ce	Chordata	Actinopterygii	Gadiformes	Lotidae	Enchelyopus	Enchelyopus cimbrius	100
0328e20de33ba5ecee85d84977d242ab	Chordata	Actinopterygii	Gadiformes	Lotidae	Enchelyopus	Enchelyopus cimbrius	100
637910197a9b56797e2c2016798d7ee9	Chordata	Actinopterygii	Esociformes	Esocidae	Esox	Esox lucius	99.95214770000001
093cbb97253cb6ed3ff426ac2bcaa5cb	Chordata	Actinopterygii	Gadiformes	Gadidae	Gadus	NA	98.942298
7c353778430ba00627a8390e099b6eb7	Chordata	Actinopterygii	Gadiformes	Gadidae	Gadus	NA	98.7420085
e29e90926467942f4dc43e10b53cfea7	Chordata	Actinopterygii	Gadiformes	Gadidae	Gadus	NA	98.1145525
a6090e7ac67fce9d2372626cd47a3ed6	Chordata	Actinopterygii	Gadiformes	Gadidae	Gadus	NA	96.0058594
b488a799cb78c275db3b62e0fa04e354	Chordata	Actinopterygii	Gasterosteiformes	Gasterosteidae	Gasterosteus	Gasterosteus aculeatus	99.999929
c61e123630bbd02662356ad39ef118b1	Chordata	Actinopterygii	Pleuronectiformes	Pleuronectidae	Glyptocephalus	Glyptocephalus cynoglossus	99.5516942
caf76796d665071de7273b506fc9cb02	Chordata	Actinopterygii	Pleuronectiformes	Pleuronectidae	Glyptocephalus	Glyptocephalus cynoglossus	99.5223745
86cf7adc6e5d05e04c179c3e6028cb5f	Chordata	Actinopterygii	Pleuronectiformes	Pleuronectidae	NA	NA	93.0091298
3d246ad50f274045200ba2a4e9cc0dad	Chordata	Actinopterygii	Pleuronectiformes	NA	NA	NA	89.7012229
70cfb45cdd2e0fdba4744d528b46f944	Chordata	Actinopterygii	Pleuronectiformes	Pleuronectidae	NA	NA	92.4195662
9a0f9d52c50382f5bddbb0f833f41179	Chordata	Actinopterygii	Perciformes	Stichaeidae	NA	NA	94.8888194
5739c972fe559c78fef03ae26eb83e16	Chordata	Actinopterygii	Perciformes	Stichaeidae	Leptoclinus	NA	97.7730018
661c49be6ca4e87d25f685c3877ff1d2	Chordata	Actinopterygii	Perciformes	Stichaeidae	NA	NA	92.9052796
24f2a921fb791c3ceeab42e74324a091	Chordata	Actinopterygii	Perciformes	Stichaeidae	NA	NA	92.33129100000001
e9b92d03416f8df9bedb9f7969d4a3d8	Chordata	Actinopterygii	Perciformes	Stichaeidae	NA	NA	93.969211
a49d0c65806ef99ed3cd55e5860001a1	Chordata	Actinopterygii	Perciformes	Stichaeidae	Leptoclinus	Leptoclinus maculatus	99.1376622
455e66a58cb10369e5c590ff9cf2eda5	Chordata	Actinopterygii	Perciformes	Stichaeidae	NA	NA	90.2820486
a8e00fa7d199579baef443ca10432d97	Chordata	Actinopterygii	Perciformes	Stichaeidae	NA	NA	92.28497949999999
5339ca338404c195507ca075ef43d1ca	Chordata	Actinopterygii	Perciformes	NA	NA	NA	89.7401471
c10104a7c60ef26d45b1731df408577f	NA	NA	NA	NA	NA	NA	NA
efc1d5bb4dc76530ee5a882b8fa0522d	Chordata	Actinopterygii	Scorpaeniformes	Liparidae	Liparis	Liparis liparis	99.1064041
ac9272604c62d38e30e400661d279235	Chordata	Actinopterygii	Perciformes	Stichaeidae	Lumpenus	Lumpenus lampretaeformis	99.9998669
16a7ce5217f953b9b02e1ad48c0c49dd	Chordata	Actinopterygii	Perciformes	Stichaeidae	Lumpenus	Lumpenus lampretaeformis	99.97988450000001
85ea6cc447d3402b5800ea079b92aaed	Chordata	Actinopterygii	Perciformes	Stichaeidae	NA	NA	94.85149870000001
9dfd14a07fdb9065fba0be37066e3266	Chordata	Actinopterygii	Perciformes	Stichaeidae	Lumpenus	Lumpenus lampretaeformis	99.99915299999999
f87c4a89b6a7a3932fe02647e34daf8e	Chordata	Actinopterygii	Perciformes	Stichaeidae	Lumpenus	Lumpenus lampretaeformis	99.99987110000001
79dd159f806c3624a626484d64919df0	Chordata	Actinopterygii	Perciformes	Stichaeidae	Lumpenus	Lumpenus lampretaeformis	99.9998359
98a1cd46709875975960b9831a889157	Chordata	Actinopterygii	Perciformes	Stichaeidae	Lumpenus	Lumpenus lampretaeformis	99.9998883
f8fa5723f9d98a8fc8066132111e1eb3	Chordata	Actinopterygii	Perciformes	Stichaeidae	NA	NA	92.5755892
2d972ca28f283e5ffa9a6c729895d42e	Chordata	Actinopteri	Gadiformes	Merlucciidae	Merluccius	Merluccius bilinearis	100
333f19cd25ea4f08e931eafddb2a37f0	Chordata	Actinopteri	Gadiformes	Merlucciidae	Merluccius	Merluccius bilinearis	99.412
d8f1ae4e27f0d1abb83b9fe2fdc51c98	Chordata	Actinopterygii	Scorpaeniformes	Cottidae	Myoxocephalus	Myoxocephalus scorpius	99.9995611
545fbdada0ac175a1ead9d95237e716a	Chordata	Actinopterygii	Scorpaeniformes	Cottidae	Myoxocephalus	Myoxocephalus scorpius	99.98915339999999
48cda92b549aa9a529583ec794bc2bc5	Chordata	Actinopterygii	Scorpaeniformes	Cottidae	Myoxocephalus	NA	98.2464642
a0c42d2af9c0d45fdee4baddcdaffbdd	Chordata	Actinopterygii	Scorpaeniformes	Cottidae	Myoxocephalus	Myoxocephalus scorpius	99.9429806
b3f5d4613592313bc889040f42e9a64b	Chordata	Actinopterygii	Scorpaeniformes	Cottidae	Myoxocephalus	Myoxocephalus scorpius	99.9935571
9e776c0de789ee0fc3a30dc73de4c1d3	Chordata	Actinopterygii	Scorpaeniformes	Cottidae	NA	NA	95.1114891
c192096e36273a125c4931e622ade1b9	Chordata	Actinopterygii	Scorpaeniformes	NA	NA	NA	71.3272958
1c4fadc62dc70569b1377a7e533c132d	Chordata	Actinopterygii	Scorpaeniformes	Cottidae	Myoxocephalus	Myoxocephalus scorpius	99.9252433
2de0818ba107096254998c9793944624	Chordata	Actinopterygii	Scorpaeniformes	Cottidae	Myoxocephalus	Myoxocephalus scorpius	99.9997301
67b952acdddb34ae65d3074ccf99fc83	Chordata	Actinopterygii	Scorpaeniformes	Cottidae	Myoxocephalus	Myoxocephalus scorpius	99.9997477
5efb6f431d43a05a18c86bd38d770c20	Chordata	Actinopterygii	Scorpaeniformes	Cottidae	Myoxocephalus	Myoxocephalus scorpius	99.9841531
ac25933a2f429cdf8d77f5f7416c4354	Chordata	Actinopterygii	Scorpaeniformes	Cottidae	Myoxocephalus	Myoxocephalus scorpius	99.98739810000001
5df4ccb2dd5fad1067c8f8adb313d130	Chordata	Actinopterygii	Scorpaeniformes	Cottidae	Myoxocephalus	Myoxocephalus scorpius	99.99972
63d78925b0aa9b752c1c446f98a56b92	Chordata	Actinopterygii	Scorpaeniformes	Cottidae	Myoxocephalus	Myoxocephalus scorpius	99.99941439999999
cba8d0816cc93f0ab590d20a9887c293	Chordata	Actinopterygii	Scorpaeniformes	Cottidae	Myoxocephalus	Myoxocephalus scorpius	99.995369
b0ba1106fe462f5d894f1e0a277cbc25	Chordata	Actinopterygii	Scorpaeniformes	Cottidae	Myoxocephalus	Myoxocephalus scorpius	99.9278626
d82b0f3ac18e70550aee4edd318fb7a4	Chordata	Actinopterygii	Scorpaeniformes	Cottidae	Myoxocephalus	Myoxocephalus scorpius	99.99965
eb2ba5b563f3d70f3798f403cb526f02	Chordata	Actinopterygii	Scorpaeniformes	NA	NA	NA	77.305502
3fdc1c45632f41aee1c6048af8a0bee3	Chordata	Actinopterygii	Scorpaeniformes	Cottidae	Myoxocephalus	Myoxocephalus scorpius	99.787457
5a7783c847304564e78f42bc0b5eef42	Chordata	Actinopterygii	Clupeiformes	Clupeidae	Alosa	NA	100
5ba8ac0932668789e379cc462b15ef3c	Chordata	Actinopterygii	Clupeiformes	Clupeidae	Alosa	NA	100
a42d34d610321be33454794f85ce9a86	Chordata	Actinopterygii	Clupeiformes	Clupeidae	Alosa	NA	100
70a1138682757872555195c15b9d284e	Chordata	Actinopterygii	Clupeiformes	Clupeidae	Alosa	NA	100
d8fd42114ac014568ee8143f61544319	Chordata	Actinopterygii	Clupeiformes	Clupeidae	Alosa	NA	100
d422759ddf9931913d102c72f9bdb702	Chordata	Actinopterygii	Clupeiformes	Clupeidae	Alosa	NA	100
73f4c80cb0472c0cd5fe438696babc6e	Chordata	Actinopterygii	Clupeiformes	Clupeidae	Alosa	NA	99.9999962
a9b60172fe6db55cb52a4e0ad3897520	Chordata	Actinopterygii	Clupeiformes	Clupeidae	Alosa	NA	100
093cdf969fb5b2be538a63e4000e7ff1	Chordata	Actinopterygii	Clupeiformes	Clupeidae	Alosa	NA	100
bc943e88280586f66098b7b1c464672a	Chordata	Actinopterygii	Clupeiformes	Clupeidae	Alosa	NA	100
80033d7daea33fcbd6380ae540589ee9	Chordata	Actinopterygii	Clupeiformes	Clupeidae	Alosa	NA	100
86ba6414486ce9f0f7adec55685bf47a	Chordata	Actinopterygii	Clupeiformes	Clupeidae	Alosa	NA	100
0830132f19698a6971e023944dcda2f4	Chordata	Actinopterygii	Clupeiformes	Clupeidae	Alosa	NA	100
19e6cd015a9eff2057deb159aaebb5f0	Chordata	Actinopterygii	Clupeiformes	Clupeidae	Alosa	NA	99.694188
4d0f691360aab6ed4cc5b30317b2c68c	Chordata	Actinopteri	Uranoscopiformes	Ammodytidae	Ammodytes	Ammodytes dubius	100
ed67ee8786e351e2988d720bdb0966b8	Chordata	Actinopteri	Perciformes	Anarhichadidae	Anarhichas	Anarhichas denticulatus	100
fffb026a22a209316a6dd25a1e7f936a	Chordata	Actinopteri	Perciformes	Anarhichadidae	Anarhichas	Anarhichas denticulatus	99.408
69f3c82d151192d7b6ee34e1edd914ac	Chordata	Actinopteri	Perciformes	Cryptacanthodidae	Cryptacanthodes	NA	97.633
ef9f1ab51cd10e5865451d0c0c865531	Chordata	Actinopteri	Perciformes	Zoarcidae	Zoarces	NA	98.214
fa6d0519d6f205722d58bd0f808fa59d	Chordata	Actinopterygii	Perciformes	Ammodytidae	NA	NA	99.9998599
661a9de77c46887f78cccc35aea42b08	Chordata	Actinopterygii	Perciformes	Ammodytidae	NA	NA	99.976032
5538c0cf7aa2f69df03c1ab1c38f9d12	Chordata	Actinopterygii	Perciformes	Ammodytidae	NA	NA	99.9991599
b5c79f293a8f7b4c742fc07fe32f9eb8	Chordata	Actinopteri	Clupeiformes	Clupeidae	Clupea	NA	98.837
b3735b896124fca8c379b9e9dea11133	Chordata	Actinopteri	Clupeiformes	Clupeidae	NA	NA	92.529
76e006c6c343db86deb936663daa40d7	Chordata	Actinopteri	Perciformes	Agonidae	Hemitripterus	Hemitripterus americanus	100
b1f1df8f6acfc3f4cc878f114185e853	Chordata	Actinopterygii	Cypriniformes	NA	NA	NA	72.3980097
bb3a42fb5580cd086bb7eb7ad33887de	Chordata	Actinopterygii	Cypriniformes	NA	NA	NA	75.57592629999999
9b2afb4c0cf28ff32e7108b911f90857	Chordata	Actinopterygii	Cypriniformes	Cyprinidae	NA	NA	99.99936980000001
4af182d6deafa70bbb3dc5a262889b87	Chordata	Actinopterygii	Cypriniformes	NA	NA	NA	70.3944407
b21c6806cde605b6d026513522063e49	Chordata	Actinopterygii	Cypriniformes	Cyprinidae	NA	NA	99.9988947
88c116d2d895a0e1619259d1b0194187	Chordata	Actinopterygii	Cypriniformes	Cyprinidae	NA	NA	99.9999999
2bec2676dbb76b45dd86099a1fcbdfb4	Chordata	Actinopterygii	Cypriniformes	Cyprinidae	NA	NA	99.0840613
f922122bec821b25d370351006fb8c1d	Chordata	Actinopterygii	Cypriniformes	NA	NA	NA	73.8426992
b9e9c4b745e701c924d2121e7a7d1d9c	Chordata	Actinopterygii	Cypriniformes	NA	NA	NA	74.447874
b05d3cbf62266e2b4c9373ea882f85f5	Chordata	Actinopterygii	Cypriniformes	NA	NA	NA	70.6031296
e87ae650f1c4c266ba5027f5850135f8	Chordata	Actinopteri	Gadiformes	Gadidae	Melanogrammus	Melanogrammus aeglefinus	100
e651b15effbee61cbb573f20fb689c78	Chordata	Actinopteri	Gadiformes	Gadidae	Melanogrammus	Melanogrammus aeglefinus	99.412
c6900766037d0e532f08504c99184974	Chordata	Actinopteri	Gadiformes	Gadidae	Microgadus	Microgadus tomcod	100
1c0d7730c8d9e40fc26bc7e7bd8ac018	Chordata	Actinopteri	Gadiformes	Gadidae	Melanogrammus	Melanogrammus aeglefinus	99.412
2e6bca1a358f95b73097c53f7e7fa92a	Chordata	Actinopteri	Gadiformes	Gadidae	Melanogrammus	Melanogrammus aeglefinus	99.412
716d01741756f88aa42879b1810be926	Chordata	Actinopteri	Gadiformes	Gadidae	Melanogrammus	Melanogrammus aeglefinus	99.412
4a2b1f78021acce4151344b0386fbbdd	Chordata	Actinopteri	Gadiformes	Gadidae	Melanogrammus	Melanogrammus aeglefinus	99.412
9ad6c7635f0330b0c1be79566da2c171	Chordata	Actinopterygii	Cypriniformes	NA	NA	NA	98.9083907
0d4c40167fcda4c6408898269dc83b56	Chordata	Actinopterygii	Cypriniformes	NA	NA	NA	99.8774688
298d8aa350346383a9c52f6ce7a0f3e8	NA	NA	NA	NA	NA	NA	NA
2d8f3a807897f758b0a442e137532f0a	NA	NA	NA	NA	NA	NA	NA
bd73f0cbf22e2c81573f34cf0c66de3e	NA	NA	NA	NA	NA	NA	NA
9e2d716885d5173401199fe491c399f0	NA	NA	NA	NA	NA	NA	NA
5357911dba3b7b3f56f75290aa8047b0	NA	NA	NA	NA	NA	NA	NA
41ac11b987b6b023ef164b74232952ee	NA	NA	NA	NA	NA	NA	NA
f16a3a20585cb1af42ba017a23255ca5	NA	NA	NA	NA	NA	NA	NA
78a6f60d655af115603067d74d332f09	NA	NA	NA	NA	NA	NA	NA
880938d48ec5e89f6dae37137f7f7430	NA	NA	NA	NA	NA	NA	NA
eb97325c9ef05f0331d855accad1adb6	NA	NA	NA	NA	NA	NA	NA
ae9ef23271fc1a631ac59d478c74cb11	NA	NA	NA	NA	NA	NA	NA
f2f10e0b6ed67c4fc3750a2bc2486104	NA	NA	NA	NA	NA	NA	NA
a4b6b94c56876cc8ffabce5dff454859	NA	NA	NA	NA	NA	NA	NA
c27701f23e63cc318b5d919d23ba5f09	NA	NA	NA	NA	NA	NA	NA
7dc835c2533f1499063f273d2c8ebd9c	NA	NA	NA	NA	NA	NA	NA
cce98356decb5d24100614358f2e8391	NA	NA	NA	NA	NA	NA	NA
b3b14fd0136d2e2f619b3de02caea44c	NA	NA	NA	NA	NA	NA	NA
1b8caadc4465694abdab87f9c43a1c40	NA	NA	NA	NA	NA	NA	NA
f0bf34a12826fa7fda4096bbf09c7cb1	NA	NA	NA	NA	NA	NA	NA
21eba62eab7a822f0e4f04c0b4af81f4	NA	NA	NA	NA	NA	NA	NA
91b664baa20c84df76999e5346c53aea	NA	NA	NA	NA	NA	NA	NA
9b2a2402ffd11a187da30e809ca61f7e	NA	NA	NA	NA	NA	NA	NA
e185575bcc7fd317d284c72ff603131b	NA	NA	NA	NA	NA	NA	NA
c1fc049ddd0fe076718fb7d4d7f7fb07	NA	NA	NA	NA	NA	NA	NA
4291400041108d2f738d0d37897be266	NA	NA	NA	NA	NA	NA	NA
21713898343458d0c185de7545cb7a1e	NA	NA	NA	NA	NA	NA	NA
af9a35d8bd859f41d9710dda8da75e8a	NA	NA	NA	NA	NA	NA	NA
43679d56b587e451f58c8292e7142eeb	NA	NA	NA	NA	NA	NA	NA
dd67a691e5ce084c2f7b5f50e5f575d7	NA	NA	NA	NA	NA	NA	NA
77dd82c8b2c9a634d62189b442f439ca	NA	NA	NA	NA	NA	NA	NA
44eb08f4e2c4a7054a9350600da0bfa2	NA	NA	NA	NA	NA	NA	NA
b7c0eb38066afa101096a228885cea0e	NA	NA	NA	NA	NA	NA	NA
3488287a5a1550b4cbb808715f62384c	NA	NA	NA	NA	NA	NA	NA
96d6da16048ff32d5d00496d0d41f6c0	NA	NA	NA	NA	NA	NA	NA
aab36b1c751b4ec8254c912a1efa1407	NA	NA	NA	NA	NA	NA	NA
4e9fba960f684f78c36582ab713f39db	NA	NA	NA	NA	NA	NA	NA
9f8bbe58f3da089fca1f2b76a5f3905b	NA	NA	NA	NA	NA	NA	NA
a5ec8361f393ebd23849baaaad772e13	NA	NA	NA	NA	NA	NA	NA
ab328ef017f8396d2f02cea585d77e5a	NA	NA	NA	NA	NA	NA	NA
8871a595f3419dafa976c65c7a84ee5e	NA	NA	NA	NA	NA	NA	NA
90da9375a5c8d6fbad78fa3a13a8b35e	NA	NA	NA	NA	NA	NA	NA
fef938705e29a2da2df91a9708932a04	NA	NA	NA	NA	NA	NA	NA
f68bf4311a1f3b2d8c4fde79cd4be8bd	NA	NA	NA	NA	NA	NA	NA
9b7d3f7da71ee74143095d19ab6ec30d	NA	NA	NA	NA	NA	NA	NA
e74ebaa1222195f3bdc515c8a29bd968	NA	NA	NA	NA	NA	NA	NA
1e30f42d0e2b3ff1053ccb3896467513	NA	NA	NA	NA	NA	NA	NA
1e6cd6db071847b2d4b767cf5fe85188	NA	NA	NA	NA	NA	NA	NA
eff276874d7362c78806d2c3f25267d3	NA	NA	NA	NA	NA	NA	NA
09fedb048be2149bc8298fcd87388b33	NA	NA	NA	NA	NA	NA	NA
51e537753eade3f12dbd227cb088056b	NA	NA	NA	NA	NA	NA	NA
d872302b93e9a33d3f000f0ca5db4a28	NA	NA	NA	NA	NA	NA	NA
2e0bb60226276650c6e4c30a413fd775	NA	NA	NA	NA	NA	NA	NA
f0d00d971c3927fd744978fb76fbfee7	NA	NA	NA	NA	NA	NA	NA
51d2f2ba22bf14ddb1c891bcdbc946f3	NA	NA	NA	NA	NA	NA	NA
6ea6f905612ff8953dfef29c2ed4007c	NA	NA	NA	NA	NA	NA	NA
e470a972f75e66d44fe896326176c3b4	NA	NA	NA	NA	NA	NA	NA
fdc56fc848a6a7ecff1ab78f88d52b86	NA	NA	NA	NA	NA	NA	NA
2660729d23dafc5d346cf9682ce4e0ea	NA	NA	NA	NA	NA	NA	NA
8132b7596c0aff4b1ad439b049db0bdd	NA	NA	NA	NA	NA	NA	NA
bf93938c44f64c11567bbe1b30256534	NA	NA	NA	NA	NA	NA	NA
d01c3eb8ef07c464fbd7c87e8998eefc	NA	NA	NA	NA	NA	NA	NA
15c0b62294475f06842d8b229142111d	NA	NA	NA	NA	NA	NA	NA
c39762659636c974e09d68765bdc3375	NA	NA	NA	NA	NA	NA	NA
14595a00c266047b908d77e81957f2aa	NA	NA	NA	NA	NA	NA	NA
2a19f20dc589e40a88f5d8a431c056ad	NA	NA	NA	NA	NA	NA	NA
93fd3c51602d8bad602b05ec77541451	NA	NA	NA	NA	NA	NA	NA
67779a3a53f9b4e622862200ea0776ad	NA	NA	NA	NA	NA	NA	NA
9cf5bb8dea24c2a995cd2b7621287bb7	NA	NA	NA	NA	NA	NA	NA
3efe4e179bb2373e5f771c1d1eb677ea	NA	NA	NA	NA	NA	NA	NA
d0aebb241b06c88adc985ff3a20d7194	NA	NA	NA	NA	NA	NA	NA
981aaedea46b3b33d236de2e7ce95d87	NA	NA	NA	NA	NA	NA	NA
3cf98492de9fe7ec2191db852ce948b9	NA	NA	NA	NA	NA	NA	NA
27977a54569ba0ef53984484827d7bd9	NA	NA	NA	NA	NA	NA	NA
b7373bbba133dc103b62687f4c01c617	NA	NA	NA	NA	NA	NA	NA
5cc2b8a099821e83aefce30b07f0a99f	NA	NA	NA	NA	NA	NA	NA
3aa2a599de461c4d35a15dff01182a6b	NA	NA	NA	NA	NA	NA	NA
6cb1c8fc12409c50d1d27b492673a329	NA	NA	NA	NA	NA	NA	NA
0f459b1c22216c36c732ac8826482fa3	NA	NA	NA	NA	NA	NA	NA
49f5137efc6a0d504e121238b617b52e	NA	NA	NA	NA	NA	NA	NA
34247a193e3885188951e86dc154e504	NA	NA	NA	NA	NA	NA	NA
0d6830a1686b96012d8cbd915fd89394	NA	NA	NA	NA	NA	NA	NA
e0c28e3043500bcc0a08aa1d7b473e7e	NA	NA	NA	NA	NA	NA	NA
c397ae62dc98a0701b45c5a891051fb4	NA	NA	NA	NA	NA	NA	NA
41394c5a010e3c19163b7fa5e1863419	NA	NA	NA	NA	NA	NA	NA
6a4f3c77aa6f2050814be29b23a09882	NA	NA	NA	NA	NA	NA	NA
8c5351c506920c05ef59661a136f82c9	NA	NA	NA	NA	NA	NA	NA
50bfae75e62a15a4f1fa1a93958bb897	NA	NA	NA	NA	NA	NA	NA
3a9157dcf83ad20a6dc9ad7818c49b56	NA	NA	NA	NA	NA	NA	NA
83958c81500b608dbaf99acfde4183e1	NA	NA	NA	NA	NA	NA	NA
368bf93a7d86bb1e357f3474ec9b44ba	NA	NA	NA	NA	NA	NA	NA
d1b65ff9375aa706a8f75724927de2c7	NA	NA	NA	NA	NA	NA	NA
b7fa5a52539ea4fb6b3bdf661c5ff93a	NA	NA	NA	NA	NA	NA	NA
505e97a91750055065c7a8c7ddf1ddc5	NA	NA	NA	NA	NA	NA	NA
13bd7c762aa95d0400450e774fee76ec	NA	NA	NA	NA	NA	NA	NA
32e9791b70cd75448bf962730bed290d	NA	NA	NA	NA	NA	NA	NA
9ec4fa5f4d6eb5dbd82f5352ad65dbbf	NA	NA	NA	NA	NA	NA	NA
f254e829b8df8228d9629a171cb57871	NA	NA	NA	NA	NA	NA	NA
9f72ce80a9f07dca82fbc52d6b670c0f	NA	NA	NA	NA	NA	NA	NA
e199be492cb8820998a2355fcf8638d5	NA	NA	NA	NA	NA	NA	NA
67051bf405c369d017c9c5372cfaec27	NA	NA	NA	NA	NA	NA	NA
ba893185e39e318dc46b758a016254fd	NA	NA	NA	NA	NA	NA	NA
48b4cdc24cc7404c6d3a788b5b3446f4	NA	NA	NA	NA	NA	NA	NA
15084632bd1914600943d548d177aa34	NA	NA	NA	NA	NA	NA	NA
aed943733287001431cc874a65ce8aba	NA	NA	NA	NA	NA	NA	NA
bdc8879d66b1efa07860688f695e6c38	NA	NA	NA	NA	NA	NA	NA
ce658a4ade16b110ed92d2e5f8fe0ed8	NA	NA	NA	NA	NA	NA	NA
aa0aecc93b3dc8ca969d8979f692176d	NA	NA	NA	NA	NA	NA	NA
aac8a0211203e1233960d71ab50932c3	NA	NA	NA	NA	NA	NA	NA
0eb5a232d88ac1f5ff66523f0c8c78c4	NA	NA	NA	NA	NA	NA	NA
05b9f2dd76610ad811123750a106c761	NA	NA	NA	NA	NA	NA	NA
cd1b3706e97b810ac1c54fb92366ac51	NA	NA	NA	NA	NA	NA	NA
09362fee66b228dfd0aa63793cb0a766	NA	NA	NA	NA	NA	NA	NA
f6fd2478d77b5662b13c35bc116533de	NA	NA	NA	NA	NA	NA	NA
37e3016b02f77ef9a23c84e8c74419e8	NA	NA	NA	NA	NA	NA	NA
bb415766c8408c81ff4db541d4c4a13d	NA	NA	NA	NA	NA	NA	NA
0ff3db95abd8ab3bc5178a1872808859	NA	NA	NA	NA	NA	NA	NA
e4049481aa09af69992b1ebd3c6fb1d2	NA	NA	NA	NA	NA	NA	NA
13d4b40100fbac0c9b95bc43e9e48295	NA	NA	NA	NA	NA	NA	NA
0317dd58ba4ffa8a0651c76e5591e341	NA	NA	NA	NA	NA	NA	NA
63115834011f8906681d7b129b70004e	NA	NA	NA	NA	NA	NA	NA
6cc5dc26230d75b1b98d1a4f263c8c75	NA	NA	NA	NA	NA	NA	NA
9d5f73b98896b121f68260d164f90e39	Chordata	Actinopteri	Pleuronectiformes	Scophthalmidae	Scophthalmus	Scophthalmus aquosus	100
abe3589bf814c361a613679a75249494	NA	NA	NA	NA	NA	NA	NA
2700070bae20350f6d8628fd5666dd9c	NA	NA	NA	NA	NA	NA	NA
7717e3c25c6123852077f301a8d3ab43	NA	NA	NA	NA	NA	NA	NA
976a65b383ccc7102301ed8027466a8d	NA	NA	NA	NA	NA	NA	NA
b560e5521cbf7625a6c6758cd8132b7e	NA	NA	NA	NA	NA	NA	NA
2962593ce15228daee6f8fca89ce34bf	NA	NA	NA	NA	NA	NA	NA
4dfc51e2a667c581c9dc4e30d5ae7ef4	NA	NA	NA	NA	NA	NA	NA
ab61fc3e1579116d8ccb4e19ce2aa33e	NA	NA	NA	NA	NA	NA	NA
37b8884e7bc6d2c86e783861eadb949d	NA	NA	NA	NA	NA	NA	NA
7be849799eff3b230d2e4e6d99bd022f	NA	NA	NA	NA	NA	NA	NA
5c41a7ffad457105e958415b22ac6037	NA	NA	NA	NA	NA	NA	NA
f895357eb5dc94c9e4d2c9fb03efb484	NA	NA	NA	NA	NA	NA	NA
14d785f0546d573f2a49110a328cec5c	NA	NA	NA	NA	NA	NA	NA
9243b700a69cd9539a98bb87147868a4	NA	NA	NA	NA	NA	NA	NA
9c473981ce2aef2f3323cd15b1605e68	NA	NA	NA	NA	NA	NA	NA
f1eb943c4d6188c0af61151ccf845085	NA	NA	NA	NA	NA	NA	NA
2df3664b9ccbf5fba43529fef4a2bed4	NA	NA	NA	NA	NA	NA	NA
5400c9087b07468ad16c602d5f1f5d4d	NA	NA	NA	NA	NA	NA	NA
e2fac1934712557d9f0299bac8c1caf1	NA	NA	NA	NA	NA	NA	NA
485825a3c978e0278c77354deb09e3c5	NA	NA	NA	NA	NA	NA	NA
1ff0453b90fadca523f17726c1674c9f	NA	NA	NA	NA	NA	NA	NA
4ec36bae7b8a9c5323623d92273103ff	NA	NA	NA	NA	NA	NA	NA
37fea5bbfe713a2d8332e012524d90e3	NA	NA	NA	NA	NA	NA	NA
71f86239f45ce0bfc36086f4399fb44d	NA	NA	NA	NA	NA	NA	NA
7363f4ccb1e7db35d439e6fdd9182a8e	NA	NA	NA	NA	NA	NA	NA
7f824794527fbd0323b5dc1058ba3bfb	NA	NA	NA	NA	NA	NA	NA
85329df848eee73ba91ebdcdf79e94bd	NA	NA	NA	NA	NA	NA	NA
d99591668c50a53d2c51801db1e7a941	NA	NA	NA	NA	NA	NA	NA
5706e792a3308e40d59b695d134a837c	NA	NA	NA	NA	NA	NA	NA
ddf8a9384d55eadac1de552a1b885e14	NA	NA	NA	NA	NA	NA	NA
6451b50b60e68cbc81214a2379139108	NA	NA	NA	NA	NA	NA	NA
958349ae0d6e6d94275a50cbc138c86b	NA	NA	NA	NA	NA	NA	NA
3598ffb42f3d8829f28fdf4885d43c1a	NA	NA	NA	NA	NA	NA	NA
5db5ffaa7e6cc0b57dd992c0059877a1	NA	NA	NA	NA	NA	NA	NA
29b0e48313b737a3528c0adca1659bcb	NA	NA	NA	NA	NA	NA	NA
07134f2660cada4eb609679fcc62d943	NA	NA	NA	NA	NA	NA	NA
e4a4d2b6a12f0219e7d8cd60c3e7dd4f	NA	NA	NA	NA	NA	NA	NA
95322338c4b9bb322888a883c99feb0b	NA	NA	NA	NA	NA	NA	NA
c2fe59d21724166ce8bd47f39b063d72	NA	NA	NA	NA	NA	NA	NA
1f75d962cd8136454a06bec94cb8173c	NA	NA	NA	NA	NA	NA	NA
fb9b104b6a278115198e01badeb098df	NA	NA	NA	NA	NA	NA	NA
79370baa8d7e39ad8de336a7a4495367	NA	NA	NA	NA	NA	NA	NA
d0a58b25478530798db392a6a4bcbe1b	NA	NA	NA	NA	NA	NA	NA
e69702e4143118fede92754c7a481982	NA	NA	NA	NA	NA	NA	NA
0f2f2d9bea53b1290f6c4ce1f1111a0e	NA	NA	NA	NA	NA	NA	NA
15f0b0fb7cfd4e4d264b70b9d3830250	NA	NA	NA	NA	NA	NA	NA
bff8e705685ada2d3da4ad9d56905f61	NA	NA	NA	NA	NA	NA	NA
0fb660e68604969de76d8000fa509901	NA	NA	NA	NA	NA	NA	NA
fe8ec65d488e3f3efd1030aa25f09481	NA	NA	NA	NA	NA	NA	NA
171105e80a9be0047028f4d0e01a55b6	NA	NA	NA	NA	NA	NA	NA
ea68433e5f97183e4e2de5e3d93aed39	NA	NA	NA	NA	NA	NA	NA
eb1a74ab2e2044c48eae9c841ec4319d	NA	NA	NA	NA	NA	NA	NA
b38e58b5e751a3f9a73290a197b5da22	NA	NA	NA	NA	NA	NA	NA
639beb6ec1d0e105ef9c963b93fabcb6	NA	NA	NA	NA	NA	NA	NA
f7cf1826e6c18338783ab9aff2a59cf4	NA	NA	NA	NA	NA	NA	NA
235b04bb5759cba4ce903be9bbf01333	NA	NA	NA	NA	NA	NA	NA
f0784bb27df4114f732a7429e6fa15a0	NA	NA	NA	NA	NA	NA	NA
32ad487450d1d7c83b54aaf6718c0477	NA	NA	NA	NA	NA	NA	NA
4ae98fc143ea429cbe0aa4a158ac0c3b	NA	NA	NA	NA	NA	NA	NA
4cdcb896f63ca7ead9c05ef6f463f878	NA	NA	NA	NA	NA	NA	NA
f21f8382f5b144937292956778696ac3	NA	NA	NA	NA	NA	NA	NA
72eefbfeac67ca5452424889a0f7acce	NA	NA	NA	NA	NA	NA	NA
a49602a66c57f5d39a9bee97aa61c263	NA	NA	NA	NA	NA	NA	NA
b78eeaf2cc0422cbfb06ce0161d6fe9b	NA	NA	NA	NA	NA	NA	NA
08dfacf6af2a1cd6ddc4bf1019b44666	NA	NA	NA	NA	NA	NA	NA
ea3dd081df2bc7c9f77df545ef882a71	NA	NA	NA	NA	NA	NA	NA
f575069c9c2a3102c8f7eb2ca852737d	NA	NA	NA	NA	NA	NA	NA
92be050dd162826760c39a4dd26ef8cd	NA	NA	NA	NA	NA	NA	NA
47f5c7ba7833f71399dda93e6ac33790	NA	NA	NA	NA	NA	NA	NA
df5f96f56016c3093117a9d42fe5f290	NA	NA	NA	NA	NA	NA	NA
c701eee5801ac1102d15c25d0627c8d8	NA	NA	NA	NA	NA	NA	NA
6142f81d5dfcfb4936b5a651bf0c4396	NA	NA	NA	NA	NA	NA	NA
a550f131a1fd0eb8fc0c0d0ade107b0e	NA	NA	NA	NA	NA	NA	NA
0cc9090a40dc48bbb28533ddfa565efc	NA	NA	NA	NA	NA	NA	NA
7f4c0f7affacc72ee407c0d1f46db7bc	NA	NA	NA	NA	NA	NA	NA
d118d4918e3696a125f3875a94bbc799	NA	NA	NA	NA	NA	NA	NA
f294ce4248961e601bd0829356e5bded	NA	NA	NA	NA	NA	NA	NA
8303c8b59ecde72dfcafe0b385a63f55	NA	NA	NA	NA	NA	NA	NA
0bff0ce2413515307b2ff74d153e3e49	NA	NA	NA	NA	NA	NA	NA
2a7e44ee7f5c021b2fdcbb475a9b77e5	NA	NA	NA	NA	NA	NA	NA
d55fd75fccb2584d1b068ec6209936d8	NA	NA	NA	NA	NA	NA	NA
cfe8b87603fdd35e152d2ca870a26da2	NA	NA	NA	NA	NA	NA	NA
5ecc22c035b53022085cb1f60e9cd7d5	NA	NA	NA	NA	NA	NA	NA
19a08592cc5025288074e49e12d03b15	NA	NA	NA	NA	NA	NA	NA
549fddf70912fe7af4e03246ff824aa5	NA	NA	NA	NA	NA	NA	NA
a91d78b8526231f161aaaa86bab4e3ad	NA	NA	NA	NA	NA	NA	NA
67290629c30301da0c106beca96922af	NA	NA	NA	NA	NA	NA	NA
968eea34495924796b5d6819ea2f35d6	NA	NA	NA	NA	NA	NA	NA
eafc4f8b5a3221376ac11372e6478a4c	NA	NA	NA	NA	NA	NA	NA
bbf0eafbc1b6878d26705a4fe6ac86fc	NA	NA	NA	NA	NA	NA	NA
32a753b9f0a4ca01f4029896e486e52e	NA	NA	NA	NA	NA	NA	NA
a072b995d0c709586b70c24548b30ad6	NA	NA	NA	NA	NA	NA	NA
744cd9ad35271b6d747141aabb19f6ad	NA	NA	NA	NA	NA	NA	NA
e804f1dbf81f6f5a88ce8d232b5df91b	NA	NA	NA	NA	NA	NA	NA
af3a3b1fff93bd257b2bf3388d765a22	NA	NA	NA	NA	NA	NA	NA
d56faa06033f7327bd576d923d8ca6b7	NA	NA	NA	NA	NA	NA	NA
3cb248aaa42f4ea6b1930e24924a5ccd	NA	NA	NA	NA	NA	NA	NA
de1e2097038a24cb76600c94c5f79597	Chordata	Actinopteri	Atheriniformes	Atherinopsidae	Menidia	Menidia menidia	100
cf15106c65c7c11143e7c3ebe7f01b93	NA	NA	NA	NA	NA	NA	NA
99cdbb415a41aee9c305c8e179ceb0fa	NA	NA	NA	NA	NA	NA	NA
92fc61ba20c6d4357e486eac22002cae	NA	NA	NA	NA	NA	NA	NA
0c5f856c019280ded400081b74981a40	NA	NA	NA	NA	NA	NA	NA
add3ee8865e373ca6993799f0553a875	NA	NA	NA	NA	NA	NA	NA
1944e2d9d0fb85ccb31eeba624ea37a9	NA	NA	NA	NA	NA	NA	NA
b5b6afe151871413db9b035afdf0fd96	NA	NA	NA	NA	NA	NA	NA
6742e4ab998e8a0194ec7b6801443ec2	NA	NA	NA	NA	NA	NA	NA
fab28c7864d95b1e57546332c5ec0481	NA	NA	NA	NA	NA	NA	NA
60f39a80b04d491504ccd6b74ce7c0ab	NA	NA	NA	NA	NA	NA	NA
ad7ab9308f004bc47b64d3fdc501d691	NA	NA	NA	NA	NA	NA	NA
5fa14579bc85bd31aece25794a61cf76	NA	NA	NA	NA	NA	NA	NA
237dbd0313dc97341b9f5f117cd647ec	NA	NA	NA	NA	NA	NA	NA
1d28f31432a217267d0f7ff97bd7ad88	NA	NA	NA	NA	NA	NA	NA
bd027e503d2766cdd3704b50b7ddf6a2	NA	NA	NA	NA	NA	NA	NA
77523faa6670d2f3cb4c24b0ab346f70	NA	NA	NA	NA	NA	NA	NA
a7a73be24e1ad51f45d66f6ff8ac8ded	NA	NA	NA	NA	NA	NA	NA
51bef7f74f8093d0153512abd2f9a1f5	NA	NA	NA	NA	NA	NA	NA
ab37edcee619bf4dbed629a1d9d0940a	NA	NA	NA	NA	NA	NA	NA
4260073296893abf04430b14a1de7d2f	NA	NA	NA	NA	NA	NA	NA
c48f06baf73310fee1a72b790ccda5c3	NA	NA	NA	NA	NA	NA	NA
49052e60a8e9d36b893245be549f9774	NA	NA	NA	NA	NA	NA	NA
8d834eb05e5d92831d07b5f9a9404642	NA	NA	NA	NA	NA	NA	NA
4cdaac03ce66c64ab0f1821e2a3cfaae	NA	NA	NA	NA	NA	NA	NA
042403aa3bf19b1f631d6dcfb84f077f	NA	NA	NA	NA	NA	NA	NA
dd71dd37678e1c7aa9d689af112c7603	NA	NA	NA	NA	NA	NA	NA
08e3bb7d3fd3bb2426cfdfd3b922c367	NA	NA	NA	NA	NA	NA	NA
c7651ca02aba6e99f765c9b0581651ca	NA	NA	NA	NA	NA	NA	NA
033619fd579a93bbf997d771d00cb32e	NA	NA	NA	NA	NA	NA	NA
23ce84bc2b8b743dfd3ce04bb5254421	NA	NA	NA	NA	NA	NA	NA
0be5ce00a88ce004f6434117cc71ca51	NA	NA	NA	NA	NA	NA	NA
1b557427d9b297be5f2c1f172244f790	NA	NA	NA	NA	NA	NA	NA
cb1337f27161fc75a1d0ed3f871997c6	NA	NA	NA	NA	NA	NA	NA
158dfa78a8815973ef4da9e7f06bc905	NA	NA	NA	NA	NA	NA	NA
cd15aae139eaa89eca49cbe86eedb229	NA	NA	NA	NA	NA	NA	NA
f14f7372507d721344521ac1f7ff1654	NA	NA	NA	NA	NA	NA	NA
6ffbf47c0d526aaa2216faf0f4ae9a35	NA	NA	NA	NA	NA	NA	NA
659bb62c50207ed2b3a069a678647660	NA	NA	NA	NA	NA	NA	NA
a96010cef56264aa816fb10972e5d264	NA	NA	NA	NA	NA	NA	NA
01d2ae4f9f4a6e565d20e545725a804b	NA	NA	NA	NA	NA	NA	NA
936e0d86a50dde0730b32b445628e75c	NA	NA	NA	NA	NA	NA	NA
af019dfa082efe088ea8452ec6f5a395	NA	NA	NA	NA	NA	NA	NA
306b796dcf509ff97a57e6fa678d2607	NA	NA	NA	NA	NA	NA	NA
102728a2f4054d96242082d58b95dc7e	Chordata	Actinopteri	Cyprinodontiformes	Fundulidae	Fundulus	Fundulus heteroclitus	100
4d42a10e33c0d932cda9f7b11de1fc67	NA	NA	NA	NA	NA	NA	NA
8e546f5132dccea08e7becbaec0af6d4	NA	NA	NA	NA	NA	NA	NA
0cecf4152fb519ded7b17849e07734ac	NA	NA	NA	NA	NA	NA	NA
700e718e92ae08392871310bb7a11eef	NA	NA	NA	NA	NA	NA	NA
c135d8d94559b27ce11f76f044e5254b	NA	NA	NA	NA	NA	NA	NA
cd70a471fcea7f8c20942edb23543653	NA	NA	NA	NA	NA	NA	NA
d2ae0663cd90b0be4d8cc5d00bdcb4a0	NA	NA	NA	NA	NA	NA	NA
edf19e3a2726c389fbfc3c8d29d3eb4c	Chordata	Actinopteri	Atheriniformes	Atherinopsidae	Menidia	Menidia menidia	99.408
80195b41d279846b6ea27e7e8f1b742f	NA	NA	NA	NA	NA	NA	NA
0be1d7d2cf3de0ca26a67862c2eac76c	NA	NA	NA	NA	NA	NA	NA
f21f37da77673a52ac436ab07c37a94a	NA	NA	NA	NA	NA	NA	NA
c04fcd82d588acca6b6134f8ac4a929b	NA	NA	NA	NA	NA	NA	NA
73175d586f8094ecfed72a23bf75d3e7	NA	NA	NA	NA	NA	NA	NA
b2da8516509005a7d2cd5facb5d245e1	NA	NA	NA	NA	NA	NA	NA
2f040e2ef997bbb450edbf015bed4349	NA	NA	NA	NA	NA	NA	NA
6e0b564c09995fca08b374103d329edd	NA	NA	NA	NA	NA	NA	NA
0984667d32cb491052edd9c187c47c40	NA	NA	NA	NA	NA	NA	NA
12634f7c77df94b264cdc7133a9c88a9	NA	NA	NA	NA	NA	NA	NA
b207555c524b4127005b9a4b049c30ed	NA	NA	NA	NA	NA	NA	NA
0d377d4bea9a7f4c22755a39c949f12e	NA	NA	NA	NA	NA	NA	NA
952e320fa347c04160ad792445472f42	NA	NA	NA	NA	NA	NA	NA
fac119aa6adc6ca6eaf5b9c6e55d9634	NA	NA	NA	NA	NA	NA	NA
4b2c187cd970aba02c291a98e96ee98b	NA	NA	NA	NA	NA	NA	NA
6b57cba1b421ac1469c5330f5b8a6b3e	NA	NA	NA	NA	NA	NA	NA
f61e0e12561824b87d615aaa019cbeef	NA	NA	NA	NA	NA	NA	NA
3741c06d0a7f8d66ed7d07dc1b6ba52c	NA	NA	NA	NA	NA	NA	NA
235b58f33211c636ff863a2bd62864f8	NA	NA	NA	NA	NA	NA	NA
61e8782536bdcadfb7d5d30a5f58f18f	NA	NA	NA	NA	NA	NA	NA
4bd045ac366a2b0b5901f32bf5e52553	NA	NA	NA	NA	NA	NA	NA
4c517ace8a10791fdac34b3dc0a84473	NA	NA	NA	NA	NA	NA	NA
7e40663f97c67bc2db4ce90361501c32	NA	NA	NA	NA	NA	NA	NA
39cd581727b1e83e7c1c2a6f505a22c4	NA	NA	NA	NA	NA	NA	NA
55dc19efe399f3ebbfc24bf095eb3ce3	NA	NA	NA	NA	NA	NA	NA
dec061f1503b1fe2e22e78333373500d	NA	NA	NA	NA	NA	NA	NA
3227bca70e48b966e9d5ee21c097e890	NA	NA	NA	NA	NA	NA	NA
56120f3ad03a3673f5fe06d654e97c41	NA	NA	NA	NA	NA	NA	NA
53f21828402d5a501a5cc442d2efa3be	NA	NA	NA	NA	NA	NA	NA
b33e46f0c967dde85eeb1e9ab642b80b	NA	NA	NA	NA	NA	NA	NA
0bd3c5c553c6cb6d494b921e8dbd24bd	NA	NA	NA	NA	NA	NA	NA
cb80cbbc72efaacf6536a121b64785a4	NA	NA	NA	NA	NA	NA	NA
a91f3be713d4dd9720cc1250fb718a9b	NA	NA	NA	NA	NA	NA	NA
a4147e61adada4fcbd91a3d87640df78	NA	NA	NA	NA	NA	NA	NA
6570d405eef1cff456b32b5f86e8d9da	NA	NA	NA	NA	NA	NA	NA
453150a8041fa98a20351cb7455d3f64	NA	NA	NA	NA	NA	NA	NA
6ef28f4dbfc708759875be7c0f27b777	NA	NA	NA	NA	NA	NA	NA
c19c4d5ac5ae1ebf0086dbcaad400e2d	NA	NA	NA	NA	NA	NA	NA
9ef82065ec5846a8016abe1aeac96f2f	NA	NA	NA	NA	NA	NA	NA
0820908e1f3dd32ee518d930fbe0d43c	NA	NA	NA	NA	NA	NA	NA
61db41071c983615165fed1fc6cc6f1d	NA	NA	NA	NA	NA	NA	NA
07a83356545b66a5832dd5ef7155ab94	NA	NA	NA	NA	NA	NA	NA
e9697e683d879e7839d1972536a956e4	NA	NA	NA	NA	NA	NA	NA
d820ec03b38bcd0196cfb4542a054f62	NA	NA	NA	NA	NA	NA	NA
e317e4a4f679ec8976dcf22f00af04a9	NA	NA	NA	NA	NA	NA	NA
0a332089cca22413aa1ed9a359a0deb5	NA	NA	NA	NA	NA	NA	NA
171e3f08fb9c5b57d87173e255b43d97	NA	NA	NA	NA	NA	NA	NA
b90b95d99b48761982e39014a5231c45	NA	NA	NA	NA	NA	NA	NA
6bcc7229fc2c685ffe9c0b8a13fa7afc	NA	NA	NA	NA	NA	NA	NA
8deb7901fbfbd97431cf177cc79d1056	NA	NA	NA	NA	NA	NA	NA
31828f1d1ca94d921871b36923d1b82a	NA	NA	NA	NA	NA	NA	NA
b1a56e52a8d557a7d63dc82e42749784	NA	NA	NA	NA	NA	NA	NA
e35a6258a3d2194be267ddb4ce7ceb7b	NA	NA	NA	NA	NA	NA	NA
30c1856b302086c925752dd56c357068	NA	NA	NA	NA	NA	NA	NA
546d4612f19cfed0d7bc3dcad6af2121	NA	NA	NA	NA	NA	NA	NA
b4980a264262bb9935e84c8540401981	NA	NA	NA	NA	NA	NA	NA
377163ebd008ce6d2b7a73d547926610	NA	NA	NA	NA	NA	NA	NA
df6297931a4d21255a277579fe01ade8	NA	NA	NA	NA	NA	NA	NA
92259aceeb5603c2c36beb80f3c204a8	NA	NA	NA	NA	NA	NA	NA
faf45894fdcd9b20d0469babbfebef59	NA	NA	NA	NA	NA	NA	NA
3ca375119c69974991fbe8d5260a1a42	NA	NA	NA	NA	NA	NA	NA
4eb0a2f9666e9a3dc50f035d956fac5f	NA	NA	NA	NA	NA	NA	NA
f389428618af381a927ae00f79729bf2	NA	NA	NA	NA	NA	NA	NA
4a2fbc9a7ff0e26209ab53d3c6d424fd	NA	NA	NA	NA	NA	NA	NA
b93364ae62692963a4a65fa6178ee2d4	NA	NA	NA	NA	NA	NA	NA
644d47f045432f354472a0bc3b9cc017	NA	NA	NA	NA	NA	NA	NA
5bb7e8c333768f31fa1819f0d1269a76	NA	NA	NA	NA	NA	NA	NA
7bb39d9db7b356c3092b531925cd35ab	NA	NA	NA	NA	NA	NA	NA
54ccb7bc09cd7934ae17d80686da6ee2	NA	NA	NA	NA	NA	NA	NA
f4bd9b8e72b77123dbc768e06617b63a	NA	NA	NA	NA	NA	NA	NA
0dff825304b1a6596565fc1347212e2e	NA	NA	NA	NA	NA	NA	NA
5b27751ef89b8b572563b715dced41f2	NA	NA	NA	NA	NA	NA	NA
96e0ed30755566ab316938424df891a9	NA	NA	NA	NA	NA	NA	NA
9ae6619b789e8c3d9f2a5d5264e600a9	NA	NA	NA	NA	NA	NA	NA
eea2f35100d03df098c15cebc5e06687	NA	NA	NA	NA	NA	NA	NA
e5441af3efb52b56a69028b8332f3c21	NA	NA	NA	NA	NA	NA	NA
3ba12ce744fda78506f0e9e49e59918e	NA	NA	NA	NA	NA	NA	NA
b5ae25af09691f29cc356ba5ef734168	NA	NA	NA	NA	NA	NA	NA
789c72815e34cb9f72bec06607c7be80	NA	NA	NA	NA	NA	NA	NA
e6eeda6f869b8165884a5e179c0f6599	NA	NA	NA	NA	NA	NA	NA
71d1ca8238414df36bbcfa9e869276f2	NA	NA	NA	NA	NA	NA	NA
698fbc6e8fba8cc345040667e74ce011	NA	NA	NA	NA	NA	NA	NA
67ae956ecc7617a317caf717804d2d55	NA	NA	NA	NA	NA	NA	NA
420f70fab733378e356a6934f6c9d65e	NA	NA	NA	NA	NA	NA	NA
ce8df7a1cb6c8ed6f8513c5cd189c19b	NA	NA	NA	NA	NA	NA	NA
7412b57425d14a13c3707a8854ce4bd3	NA	NA	NA	NA	NA	NA	NA
3cd170e7e06516cf34e6d0854d144dd5	NA	NA	NA	NA	NA	NA	NA
5e302ee1504ba58625e3d86b3779f9a2	NA	NA	NA	NA	NA	NA	NA
621ee60c5059dd2f99100f3f7c73b234	NA	NA	NA	NA	NA	NA	NA
9f1100dbbf2ecaf995755b25a047dd77	NA	NA	NA	NA	NA	NA	NA
44c887564a8d0736b189761e3c6f593a	NA	NA	NA	NA	NA	NA	NA
08a7bf5ad0eded4e3c6a83d7e74bc62f	NA	NA	NA	NA	NA	NA	NA
f9d2e8ddaa29ac692bdb0821dd3515b2	NA	NA	NA	NA	NA	NA	NA
20594d53a59775c9314ad8d6fee7c540	NA	NA	NA	NA	NA	NA	NA
a3aca813edc9361f6e53b8f0612fef8b	NA	NA	NA	NA	NA	NA	NA
730edc33e47b05f0ddd39b37319d4b67	NA	NA	NA	NA	NA	NA	NA
3232cba6dbafa22f77a4368b7c498ee2	NA	NA	NA	NA	NA	NA	NA
86adcf24710034b34b6d566ab1628030	NA	NA	NA	NA	NA	NA	NA
eacc3968da4f33e728139594b3827e7d	NA	NA	NA	NA	NA	NA	NA
8cfc7bfc5f05bdbd003b3279469afa73	NA	NA	NA	NA	NA	NA	NA
a519ec401e49b92e88e843142fadb1b8	NA	NA	NA	NA	NA	NA	NA
6ec8c84729471dad3f114ded82c60051	NA	NA	NA	NA	NA	NA	NA
e145c09ee54da4b8a6cd930383151fee	NA	NA	NA	NA	NA	NA	NA
20f5ae53997930a599ff21afea558121	NA	NA	NA	NA	NA	NA	NA
e163e625a8f48c6f40a6a9a52a0eb759	NA	NA	NA	NA	NA	NA	NA
3e657f9bb65421eabef71dbc9aef14dd	NA	NA	NA	NA	NA	NA	NA
ffc4174a8fcacce4416e11af7549e2d8	NA	NA	NA	NA	NA	NA	NA
e336f979dab30a066a0f4f3f2e23afc8	NA	NA	NA	NA	NA	NA	NA
4d4cd4ecd0a9ac23c4b56380fc24b632	NA	NA	NA	NA	NA	NA	NA
eecbfb9fbe5c389243a5e17e46314368	NA	NA	NA	NA	NA	NA	NA
b5addf7375e909823397be292cce5b5b	NA	NA	NA	NA	NA	NA	NA
bcd0555799fec10816151ce7c1eef54e	NA	NA	NA	NA	NA	NA	NA
a935598024879ec7f7fb8b2a9de8a7fe	NA	NA	NA	NA	NA	NA	NA
cfa95d94d13dfbff9438e29c2405ab06	NA	NA	NA	NA	NA	NA	NA
16dd5832554086947295beb92abd52c6	NA	NA	NA	NA	NA	NA	NA
e0655970c683de389c2f48903243ae8e	NA	NA	NA	NA	NA	NA	NA
8c1480ef27781369fc2d2d3aa90c81d9	NA	NA	NA	NA	NA	NA	NA
6c140d01e1bea4c7d467f2b3d8c77d2b	NA	NA	NA	NA	NA	NA	NA
96c9e3163a83fc32f1a4d59c703d4b65	NA	NA	NA	NA	NA	NA	NA
d647e83ecd1a0aae2a27637a48bcdfdb	NA	NA	NA	NA	NA	NA	NA
974eb75078ee737d88270f56a27fc036	NA	NA	NA	NA	NA	NA	NA
1581d56005eecbefdaa854fbab1a01bb	NA	NA	NA	NA	NA	NA	NA
87b66a366c217c93eae828b70a05dad8	NA	NA	NA	NA	NA	NA	NA
3218d1371ae443997de5f54feb5dcae2	NA	NA	NA	NA	NA	NA	NA
675836c4df919740666d67615642bd86	NA	NA	NA	NA	NA	NA	NA
939a3d7bdf4f0b50d5d28e4adcbc7395	NA	NA	NA	NA	NA	NA	NA
6e65002054c17b9b1921f5c44146ccd8	NA	NA	NA	NA	NA	NA	NA
ccc1c1b3c7a2573e5f98f2fba5721374	NA	NA	NA	NA	NA	NA	NA
e1f1839df3b8becc99c61df83506971a	NA	NA	NA	NA	NA	NA	NA
46df53e7ce164c813641cae9ea8bfcef	NA	NA	NA	NA	NA	NA	NA
34636dd4a8113e45ea862523947c0e45	NA	NA	NA	NA	NA	NA	NA
56dee66324fc6681fbd48e7d86f34b4b	NA	NA	NA	NA	NA	NA	NA
c235270a906d955b2fe13aae89e7b0fa	NA	NA	NA	NA	NA	NA	NA
86102e94ab435c2a3fefe78e972f45e2	NA	NA	NA	NA	NA	NA	NA
1bff86b619c69a5c56560e875c0e9d54	NA	NA	NA	NA	NA	NA	NA
ede1f98c95b8c9899d6d1a9f485669b0	NA	NA	NA	NA	NA	NA	NA
06ee12062be62217320a8049411a2b72	NA	NA	NA	NA	NA	NA	NA
aef6cf8d8374f534299e53c99e691452	NA	NA	NA	NA	NA	NA	NA
bfc786b7dd51f9a6b7820e4b520ffc7d	NA	NA	NA	NA	NA	NA	NA
c76455f6f1e73f074ec5d59b81a1117b	NA	NA	NA	NA	NA	NA	NA
e3f3b80915c087fe1f9da3ce36310c5a	NA	NA	NA	NA	NA	NA	NA
90de9fe4733b4b0a6ac44e6e725e54ea	NA	NA	NA	NA	NA	NA	NA
7a35e108e9e56d54c17cc71eedb63006	NA	NA	NA	NA	NA	NA	NA
5782e9d9524cf4b19444c29fd9a838f6	NA	NA	NA	NA	NA	NA	NA
b9e5ce7ef5a4c1914eb6bf66442ba107	NA	NA	NA	NA	NA	NA	NA
828611d7f9b1ae55e275718fd58f75c2	NA	NA	NA	NA	NA	NA	NA
935d38dda3fa42c7fa9416b61c78d6fb	NA	NA	NA	NA	NA	NA	NA
df2a1549eb54f2b9c6fb647ae8cb0a7e	NA	NA	NA	NA	NA	NA	NA
f98fc3e2e2c451ab1e1877e6c2f9d3d7	NA	NA	NA	NA	NA	NA	NA
b2e6981c7f94042fe422e1e04ff18eec	NA	NA	NA	NA	NA	NA	NA
1091bf5fca8df3a5e5b92486c7c8d17c	Chordata	Actinopteri	Cyprinodontiformes	Fundulidae	Fundulus	Fundulus heteroclitus	99.405
1b2b5a0b0c435cfd4f1505aa6e84a367	NA	NA	NA	NA	NA	NA	NA
8fca888e77f38499458256491c26945d	NA	NA	NA	NA	NA	NA	NA
6e80641e16613a15c3a4e2113ec0cd1f	NA	NA	NA	NA	NA	NA	NA
fc854d8f9ef9808dc172ca3c36a94579	Chordata	Actinopteri	Atheriniformes	Atherinopsidae	Menidia	Menidia menidia	99.408
c586e8122e87ccd6a907b9e3eef86f34	NA	NA	NA	NA	NA	NA	NA
bb9b65503b667c218fe3883c80b6db81	NA	NA	NA	NA	NA	NA	NA
f9117fa29075c4c88eb75c96c176ab86	NA	NA	NA	NA	NA	NA	NA
4ba07b32af369e5347b057fbbedb1609	NA	NA	NA	NA	NA	NA	NA
0acdf0e08b801356d5dbe8ad998a214c	NA	NA	NA	NA	NA	NA	NA
8c2fe50e9b38ea614756b0b2f67ad1d4	NA	NA	NA	NA	NA	NA	NA
dd2f11f8b23ac62ce7426a4424df9452	NA	NA	NA	NA	NA	NA	NA
e16d2da37aa1efeb89cbfdc1a61694f5	NA	NA	NA	NA	NA	NA	NA
71004f57f64a2d865729c91f84b76d53	NA	NA	NA	NA	NA	NA	NA
9f414313b7e5818ee6548b453e3c1558	NA	NA	NA	NA	NA	NA	NA
3b47c4ea0b3ba99ceacce7b8ef9b9043	NA	NA	NA	NA	NA	NA	NA
b4ca36656e4b4d46d827d5a38b561432	NA	NA	NA	NA	NA	NA	NA
6befe6a5e29d16bc9a2f6cf564b0924a	NA	NA	NA	NA	NA	NA	NA
4268ea424bb35693a0c367146eae7111	NA	NA	NA	NA	NA	NA	NA
4b4eacc9861c0735cd56146bef797c2c	NA	NA	NA	NA	NA	NA	NA
72138dbd689fa72b703dde23fb82497c	NA	NA	NA	NA	NA	NA	NA
0060d81f936b2967cf9f2035d7afe048	NA	NA	NA	NA	NA	NA	NA
4289b9edff814d02e064fd49c7696f8d	NA	NA	NA	NA	NA	NA	NA
0faef282ffe163f7ba558317b1827b5b	NA	NA	NA	NA	NA	NA	NA
4d6cfeb1bff7d449adba08b46ab867ca	NA	NA	NA	NA	NA	NA	NA
29d6166cd61d284b14bcee1bfdcda6cf	NA	NA	NA	NA	NA	NA	NA
1a243e33e03fec56bd7062fb936aee04	NA	NA	NA	NA	NA	NA	NA
97aeaf46c19df67f29e43eb2883234d4	Chordata	Actinopteri	Cyprinodontiformes	Fundulidae	NA	NA	95.833
d04c9e455925845d68e4a50b5693244b	Chordata	Actinopteri	Cyprinodontiformes	Fundulidae	Fundulus	Fundulus heteroclitus	100
c13307ee17dffa01ff066ba2bb9f716e	Chordata	Actinopteri	Cyprinodontiformes	Fundulidae	Fundulus	Fundulus heteroclitus	99.405
2441d2e45237da51c17c07469690b768	NA	NA	NA	NA	NA	NA	NA
39202c28e2e3dfc610afe7f473ce8b65	NA	NA	NA	NA	NA	NA	NA
d10080760b9c735b77cda09df8e3da63	NA	NA	NA	NA	NA	NA	NA
07c708601775e5a5c28cf094ebd7d83c	NA	NA	NA	NA	NA	NA	NA
9cfab8ca59648ef55d3f221a167ff9e0	NA	NA	NA	NA	NA	NA	NA
2ceb7ee5b235a2dca4478c144c8cf20a	NA	NA	NA	NA	NA	NA	NA
934e7d7d445b31aa673ba95e9d62e613	NA	NA	NA	NA	NA	NA	NA
587e056950c324ea4b15a529328fb662	NA	NA	NA	NA	NA	NA	NA
0b4ae8fcc8d37a6d55b341e5179e968c	NA	NA	NA	NA	NA	NA	NA
d75354b45bb7c33c1c773bf8d509b939	NA	NA	NA	NA	NA	NA	NA
bf46817a4dead7e05fa7fc84afc384f4	Chordata	Actinopteri	Atheriniformes	Atherinopsidae	Menidia	Menidia menidia	99.408
d4af5f6493ff2fca1861ce3a7c88edfc	NA	NA	NA	NA	NA	NA	NA
6fce45009a60df87114cadc857bec325	NA	NA	NA	NA	NA	NA	NA
cb78de3a2c68cbb5bfc3aa0841373f53	NA	NA	NA	NA	NA	NA	NA
61a3bdb91d7a278559fb4d5f1385e8a1	NA	NA	NA	NA	NA	NA	NA
09f7bfe98347bb70464672ae9c739cee	NA	NA	NA	NA	NA	NA	NA
c485e58866f31144b4974a519e829024	NA	NA	NA	NA	NA	NA	NA
2ba7ef3fc6c84fe25dd8f1a56e13418e	NA	NA	NA	NA	NA	NA	NA
042ee2a5a5859db226ae90943ad35815	NA	NA	NA	NA	NA	NA	NA
5b8dec0c3d6dc7d0b54ac9f90b406334	NA	NA	NA	NA	NA	NA	NA
74abb14f470b52ef23ef4ff8c8f81b77	NA	NA	NA	NA	NA	NA	NA
a68059d560abda302108435eda246aed	NA	NA	NA	NA	NA	NA	NA
0fba6f1973af7b8c8a3ceb5ed3572d6f	NA	NA	NA	NA	NA	NA	NA
94c5cf066bd94fcc63b133395c8ecbdd	NA	NA	NA	NA	NA	NA	NA
e25b6d6b72119c8d365800180b20d054	Chordata	Actinopteri	Scombriformes	Pomatomidae	Pomatomus	Pomatomus saltator	99.408
7bdaf286e9e6b8dec5faf75cfde89d3d	Chordata	Actinopteri	Perciformes	Cryptacanthodidae	NA	NA	94.118
68d3563bdb9ddaa6908c84e5d057b1ae	Chordata	Actinopterygii	Perciformes	NA	NA	NA	99.5062617
a61521c5599b75741ea86363013a873a	Chordata	Actinopteri	Perciformes	Cottidae	NA	NA	90.533
3b17a3ad0d4ab16978e2add435feaecb	Chordata	Actinopterygii	Perciformes	Percidae	NA	NA	99.7639624
78e7ea9f489676552b9d21854b4c6f4a	Chordata	Actinopterygii	Perciformes	Percidae	NA	NA	99.0247048
bfd13a0496517567ed0ebfcb8ef248b2	Chordata	Actinopterygii	Perciformes	Percidae	NA	NA	99.7916912
2a710e68a60b375a53a1720d3fe6a9b7	Chordata	Actinopterygii	Pleuronectiformes	Pleuronectidae	NA	NA	99.7433178
91ad6b6e4143097efcc16826e8d4369b	Chordata	Actinopterygii	Pleuronectiformes	Pleuronectidae	NA	NA	99.7929097
d53a51eda75ed996c9a3e34f340991be	Chordata	Actinopterygii	Pleuronectiformes	Pleuronectidae	NA	NA	99.9905822
2df02d4373b31365cd5fb2ac65a71227	Chordata	Actinopterygii	Pleuronectiformes	Pleuronectidae	NA	NA	98.2579418
7b207935689c887a5e244caf4fb823d3	Chordata	Actinopterygii	Pleuronectiformes	Pleuronectidae	NA	NA	99.9662258
621422d7c9522d639428ffeb944829fa	Chordata	Actinopterygii	Pleuronectiformes	Pleuronectidae	NA	NA	94.6475502
c3576d75c398db089573a76bd62975e2	Chordata	Actinopterygii	Pleuronectiformes	Pleuronectidae	NA	NA	95.3221151
19b53d7c1d5b4ef63a21e30862164379	Chordata	Actinopteri	Scombriformes	Pomatomidae	Pomatomus	Pomatomus saltator	100
dd974a69af86b5e8698576c80ba36528	Chordata	Actinopteri	Scombriformes	Pomatomidae	Pomatomus	Pomatomus saltator	99.408
90a5499d88a17c92ca18a69f8f8fa300	Chordata	Actinopteri	Perciformes	Cryptacanthodidae	Cryptacanthodes	Cryptacanthodes maculatus	99.408
73f0fa07f313adfcae1d51c601bf6f59	Chordata	Actinopterygii	Perciformes	Stichaeidae	NA	NA	98.4681955
e7a4e5e5f5b610b9c06344346b9aa64d	Chordata	Actinopteri	Perciformes	Zoarcidae	Zoarces	Zoarces americanus	100
d534e96865ffcf7951130879e6615028	Chordata	Actinopteri	Gadiformes	Gadidae	Pollachius	Pollachius virens	99.412
b7f61135eb2f9a863292c706ddb7e245	Chordata	Actinopterygii	Scorpaeniformes	Sebastidae	Sebastes	NA	99.9958816
554888758bab62c4ef1a17151aa83b79	Chordata	Actinopterygii	Scorpaeniformes	Sebastidae	Sebastes	NA	99.9973617
3ebfc0cd516cea13f42e017522f4ea3d	Chordata	Actinopterygii	Scorpaeniformes	Sebastidae	Sebastes	NA	99.970202
9eb653f8fc07d2340455c99c78984919	Chordata	Actinopteri	Salmoniformes	Salmonidae	Oncorhynchus	Oncorhynchus gorbuscha	100
be9e0b4caa3eb3711633461cdb60174a	Chordata	Actinopterygii	Salmoniformes	Salmonidae	Oncorhynchus	Oncorhynchus mykiss	99.9904777
ef9dc215c0df2ee19cff7b6b9b178233	Chordata	Actinopterygii	Perciformes	Cichlidae	Oreochromis	Oreochromis niloticus	99.9995053
d978051939b8cc74be8f51e60b4727a4	Chordata	Actinopteri	Osmeriformes	Salangidae	Mallotus	Mallotus villosus	100
bddde63c97e83da12b5b8484ffa65397	Chordata	Actinopteri	Osmeriformes	Salangidae	Mallotus	Mallotus villosus	99.405
0486ef78eedbd9b437c89363a0818482	Chordata	Actinopteri	Osmeriformes	Salangidae	Mallotus	Mallotus villosus	99.405
0c7da13f2221a6291b63174de820e1ab	Chordata	Actinopterygii	Perciformes	Stromateidae	Peprilus	Peprilus triacanthus	100
0ae696476b906c4fc238a851e28b7034	Chordata	Actinopterygii	Perciformes	Pholidae	Pholis	Pholis gunnellus	99.9999875
ffbdf6beb615a4840148c1d50dc21a02	Chordata	Actinopterygii	Perciformes	Pholidae	Pholis	Pholis gunnellus	99.99998049999999
b469207e9f7a1cf9d2229a389f718416	Chordata	Actinopterygii	Perciformes	Pholidae	Pholis	Pholis gunnellus	99.9999383
634415ae6487ed8a8176f219c12c08af	Chordata	Actinopterygii	Perciformes	Pholidae	Pholis	Pholis gunnellus	99.99996540000001
63ec6da692df0b32fa673d5e7ab3ef75	Chordata	Actinopterygii	Perciformes	Pholidae	Pholis	Pholis gunnellus	99.9999713
4c2597e249a4f70df510167106ef99f3	Chordata	Actinopterygii	Perciformes	Pholidae	Pholis	Pholis gunnellus	99.9999467
2a32c133251e3a94c835b0d3f5d1eb4e	Chordata	Actinopterygii	Perciformes	Pholidae	Pholis	Pholis gunnellus	99.9999901
59f04b7f557d4ca8f658f39d38e9b751	Chordata	Actinopterygii	Perciformes	Pholidae	Pholis	Pholis gunnellus	99.9999239
07337521ed74d1f2e731c4f6a3ae58cb	Chordata	Actinopterygii	Perciformes	Pholidae	Pholis	Pholis gunnellus	99.9999773
b29868eefcaace2eb9a07e5eafae79e7	Chordata	Actinopterygii	Perciformes	Pholidae	Pholis	Pholis gunnellus	99.9999824
13cd4d7ae39bde95ee30e61f9475445f	Chordata	Actinopterygii	Perciformes	Pholidae	Pholis	Pholis gunnellus	99.9999821
1ce76dc99dd293b6b30d0dff0d87e931	Chordata	Actinopterygii	Perciformes	Pholidae	Pholis	Pholis gunnellus	99.9999831
7316721ee6848b30fcf22f4e5ab1c789	Chordata	Actinopterygii	Perciformes	Pholidae	Pholis	Pholis gunnellus	99.99991539999999
df9e614b8769f79a7812b87a1dd3c64f	Chordata	Actinopterygii	Perciformes	Pholidae	Pholis	Pholis gunnellus	99.9993543
473956acbc9700573d8ed06d24ed389a	Chordata	Actinopterygii	Perciformes	Pholidae	Pholis	Pholis gunnellus	99.99992800000001
7419b1cb6a8e87d589c49f528f459323	Chordata	Actinopterygii	Perciformes	Pholidae	Pholis	Pholis gunnellus	99.9998992
da858f8f1153c02f62ce4e29f378e6b4	Chordata	Actinopterygii	Perciformes	Pholidae	NA	NA	93.8873121
60a2aa020f7bc0947fecfbd6fb6a5acf	Chordata	Actinopterygii	Perciformes	NA	NA	NA	73.8323166
40b235739083c2bac74423263cca96cd	Chordata	Actinopterygii	Gadiformes	Phycidae	Phycis	Phycis blennoides	99.9999571
60dc096e851d915be39f04538d1da981	Chordata	Actinopterygii	Gadiformes	Phycidae	Phycis	Phycis blennoides	99.99998
0ee2bec099a05d8d4609d2e9cfb61324	Chordata	Actinopteri	Pleuronectiformes	Pleuronectidae	Pseudopleuronectes	Pseudopleuronectes americanus	100
bedbacf27fe64bb194d9b69f01d4f8fa	Chordata	Actinopteri	Pleuronectiformes	Pleuronectidae	Pseudopleuronectes	Pseudopleuronectes americanus	99.408
ac538394b13427012447109338ffb29b	Chordata	Actinopteri	Pleuronectiformes	Pleuronectidae	Pseudopleuronectes	Pseudopleuronectes americanus	99.408
c17566a59097e1969c19b2d2b7de872b	Chordata	Actinopteri	Pleuronectiformes	Pleuronectidae	Pseudopleuronectes	Pseudopleuronectes americanus	99.408
75e74e4c0270f262346526408b4ad72a	Chordata	Actinopteri	Pleuronectiformes	Pleuronectidae	Pseudopleuronectes	Pseudopleuronectes americanus	99.408
cfe2eca3b07199ff5a02fb881316446f	Chordata	Actinopteri	Pleuronectiformes	Pleuronectidae	Pseudopleuronectes	Pseudopleuronectes americanus	99.408
1f45489a0335df07d8fa757a3c37ece7	Chordata	Actinopteri	Pleuronectiformes	Pleuronectidae	Pseudopleuronectes	Pseudopleuronectes americanus	99.408
bf26ceaded1fb2c666e1be146fc8ca61	Chordata	Actinopteri	Pleuronectiformes	Pleuronectidae	Pseudopleuronectes	Pseudopleuronectes americanus	99.408
cf7ad3e76ba145668e42816e8df45675	Chordata	Actinopteri	Pleuronectiformes	Pleuronectidae	Pseudopleuronectes	Pseudopleuronectes americanus	99.408
07712ab87d803840ad1febcfacdf2180	Chordata	Actinopteri	Pleuronectiformes	Pleuronectidae	Pseudopleuronectes	Pseudopleuronectes americanus	99.408
a59b8e46662e1f3dd7aa46243768a3b0	Chordata	Actinopteri	Pleuronectiformes	Pleuronectidae	Pseudopleuronectes	Pseudopleuronectes americanus	99.408
e96f18138a73aed92c7bfa4cdda06f3b	Chordata	Actinopteri	Pleuronectiformes	Pleuronectidae	Pseudopleuronectes	Pseudopleuronectes americanus	99.408
cc1abeff7850a38faf1908617b77805b	Chordata	Actinopteri	Pleuronectiformes	Pleuronectidae	Pseudopleuronectes	NA	96.429
8377854474338cf60b17f3172f6e33e4	Chordata	Actinopteri	Gadiformes	Gadidae	Pollachius	Pollachius virens	100
8007eb0b019f5bdf88eae4d177718bd6	Chordata	Actinopteri	Gadiformes	Gadidae	Pollachius	Pollachius virens	99.412
ab917966b2903638c2dbd4fcdb9b1edf	Chordata	Actinopteri	Gadiformes	Gadidae	Pollachius	Pollachius virens	99.412
82b4427af38cf8b0f86a54278bcaf330	Chordata	Actinopteri	Gadiformes	Gadidae	Pollachius	Pollachius virens	99.412
979e64d31c3affe8f8ef37af8471a917	Chordata	Actinopteri	Gadiformes	Gadidae	Pollachius	Pollachius virens	99.405
5cc9c634c441079aca6cf9bdfe61b13f	Chordata	Actinopterygii	Gasterosteiformes	Gasterosteidae	Pungitius	Pungitius pungitius	99.99995630000001
e2e2ce7e0879a9679347b81823c59ad3	Chordata	Actinopterygii	Gasterosteiformes	Gasterosteidae	Pungitius	Pungitius pungitius	99.9854319
0bef97a2e309fb5af3c48dd48e126e53	Chordata	Actinopterygii	Salmoniformes	Salmonidae	Salmo	Salmo salar	99.9976813
c70008aeaaafc1600ee1bec003089d80	Chordata	Actinopterygii	Salmoniformes	Salmonidae	Salmo	Salmo salar	99.99809640000001
10b0b2d9689375dd5dc89557ee0bbed5	Chordata	Actinopterygii	Salmoniformes	Salmonidae	Salmo	Salmo salar	99.9973609
7568a9e5fd225246c93b861caa7e45a0	Chordata	Actinopterygii	Salmoniformes	Salmonidae	Salmo	Salmo salar	99.9980782
bc59589b518cb030ef19b3bada2d80ed	Chordata	Actinopterygii	Salmoniformes	Salmonidae	Salmo	Salmo salar	99.9980183
fc4aa16810635452d278a21b350bbc5a	Chordata	Actinopterygii	Salmoniformes	Salmonidae	Salmo	Salmo salar	99.9587967
b70859451d09ab64818c90e067bd29b7	Chordata	Actinopterygii	Salmoniformes	Salmonidae	Salmo	Salmo salar	99.9978849
ade9663348ae28828bd4632112e89894	Chordata	Actinopterygii	Salmoniformes	Salmonidae	Salvelinus	Salvelinus fontinalis	99.8388563
e0791c6ce24011996cf0354570e17958	Chordata	Actinopterygii	Cypriniformes	NA	NA	NA	84.7381158
79c5bf8e719046b98ea4b9639d500374	Chordata	Actinopterygii	Perciformes	Scombridae	Scomber	Scomber scombrus	100
c35019d22e9c1a6929e8f7fbfbe0e816	Chordata	Actinopterygii	Perciformes	Scombridae	Scomber	Scomber scombrus	100
d4957641b15fe1e3872393f3143f819a	Chordata	Actinopterygii	Perciformes	Scombridae	Scomber	Scomber scombrus	100
1b801d475f2e58cf5142c1e4022fd429	Chordata	Actinopterygii	Perciformes	Scombridae	Scomber	Scomber scombrus	100
6098beaaf5299126d099ff20108787ba	Chordata	Actinopterygii	Perciformes	Scombridae	Scomber	Scomber scombrus	100
780d242dc004eb58c6d830c74591e2af	Chordata	Actinopterygii	Perciformes	Scombridae	Scomber	Scomber scombrus	100
c491cf3101178486bd993681ea64bed0	Chordata	Actinopterygii	Perciformes	Scombridae	Scomber	Scomber scombrus	100
5db2cfa86be1cf1fe5e7e0334df122d7	Chordata	Actinopterygii	Perciformes	Scombridae	Scomber	Scomber scombrus	99.9999999
b1c2bb2d71e69fcafa7c846c26e80c9d	Chordata	Actinopterygii	Perciformes	Scombridae	Scomber	Scomber scombrus	100
64e1d69c08a8a989cee1bbcd30bcbf38	Chordata	Actinopterygii	Perciformes	Scombridae	Scomber	Scomber scombrus	99.9999999
0b5354727b61e521269c4c4a554fcca2	Chordata	Actinopterygii	Perciformes	Scombridae	Scomber	Scomber scombrus	99.9999999
361a144d2211860027fe1ba338a664b1	Chordata	Actinopterygii	Perciformes	Scombridae	Scomber	Scomber scombrus	99.9999999
a491134f01484f47258a791a96a3c3b9	Chordata	Actinopterygii	Perciformes	Scombridae	Scomber	Scomber scombrus	100
e4900b384bbca6bb0db3b88bfa62fb10	Chordata	Actinopterygii	Perciformes	Scombridae	Scomber	Scomber scombrus	100
0f5d7f429ed0852b39224376cf892d73	Chordata	Actinopterygii	Perciformes	Scombridae	Scomber	Scomber scombrus	100
f50ef71c71e8643d0cd0aa692825cdee	Chordata	Actinopterygii	Perciformes	Scombridae	Scomber	Scomber scombrus	100
b5372da34bde6406765348dfe2419f4c	Chordata	Actinopterygii	Perciformes	Scombridae	Scomber	Scomber scombrus	99.9999999
f047ca365076435f14d5bc736039c869	Chordata	Actinopterygii	Perciformes	Scombridae	Scomber	Scomber scombrus	100
5ed8fafad7e979eff5e2c37d4a496d85	Chordata	Actinopterygii	Perciformes	Scombridae	Scomber	Scomber scombrus	100
11703f117e577d49e8929414c0f34bd2	Chordata	Actinopterygii	Perciformes	Scombridae	Scomber	Scomber scombrus	100
147ba784f9bec539c95ed4c758bd6821	Chordata	Actinopterygii	Perciformes	Scombridae	Scomber	Scomber scombrus	99.9999999
7c4e8723fdb320f6c69b3fafa2416fcd	Chordata	Actinopterygii	Perciformes	Scombridae	Scomber	Scomber scombrus	100
829dc095591de7ea340150493a1970a4	Chordata	Actinopterygii	Perciformes	Scombridae	Scomber	Scomber scombrus	100
93dbba1075864e1c805475a830e3e14e	Chordata	Actinopterygii	Perciformes	Scombridae	Scomber	Scomber scombrus	99.9999999
9cbeae9352c6dfe5452be4ab589adc0e	Chordata	Actinopterygii	Perciformes	Scombridae	Scomber	Scomber scombrus	99.9999999
61c01ba7bd5f5cd56a3f12b9efbe6daf	Chordata	Actinopterygii	Perciformes	Scombridae	Scomber	Scomber scombrus	99.9999999
02d9851b0b5377a0ccf0c1aa2bfc23d9	Chordata	Actinopterygii	Perciformes	Scombridae	Scomber	Scomber scombrus	100
f8b9e59bcaeab7cc6269237c37b2b6cb	Chordata	Actinopterygii	Perciformes	Scombridae	Scomber	Scomber scombrus	100
90a889cf22117c75ef99640f39c0f231	Chordata	Actinopterygii	Perciformes	Scombridae	Scomber	Scomber scombrus	100
e05173931acf23eb130b674a915ea561	Chordata	Actinopterygii	Perciformes	Scombridae	Scomber	Scomber scombrus	100
f0d0ea2d6edcfe185e67161dfd6683c7	Chordata	Actinopterygii	Perciformes	Scombridae	Scomber	Scomber scombrus	100
f16e9347793f9350a2942a5eed548759	Chordata	Actinopterygii	Perciformes	Scombridae	Scomber	Scomber scombrus	100
e427bd80be4ec4555cea7791fca8c943	Chordata	Actinopterygii	Perciformes	Scombridae	Scomber	Scomber scombrus	100
fb4ec864d365a6525ff60742e2ae163a	Chordata	Actinopterygii	Perciformes	Scombridae	Scomber	Scomber scombrus	100
cc0d3c6fc0406e0618cfb79d3d225d32	Chordata	Actinopterygii	Perciformes	Scombridae	Scomber	Scomber scombrus	100
f3ef0d86b6bf114e262d8ea718b5167d	Chordata	Actinopterygii	Perciformes	Scombridae	Scomber	Scomber scombrus	100
e3a3a775f08dac30a64b58d29aebba02	Chordata	Actinopterygii	Perciformes	Scombridae	Scomber	Scomber scombrus	100
4eb5548c7376d843d83af3015fc7dcc4	Chordata	Actinopterygii	Perciformes	Scombridae	Scomber	Scomber scombrus	100
9fc10f8aabcca6495c249c9ce92405aa	Chordata	Actinopterygii	Perciformes	Scombridae	Scomber	Scomber scombrus	100
23a2b71963273b7ae58c62aa84051cb0	Chordata	Actinopterygii	Perciformes	Scombridae	Scomber	Scomber scombrus	100
2994b26358485b1a1f400e318b835606	Chordata	Actinopterygii	Perciformes	Scombridae	Scomber	Scomber scombrus	100
919f21d59e2804d8eb20520e849b167c	Chordata	Actinopterygii	Perciformes	Scombridae	Scomber	Scomber scombrus	99.9999998
34411ff3872ecf814bb7ea7473d679cb	Chordata	Actinopterygii	Perciformes	Scombridae	Scomber	Scomber scombrus	100
cbfd675921b7651b9918fffbe9dbbe63	Chordata	Actinopterygii	Perciformes	Scombridae	Scomber	Scomber scombrus	100
cef4aa12f12d80a6f202967813b0c04b	Chordata	Actinopterygii	Perciformes	Scombridae	Scomber	Scomber scombrus	100
c5ce7abe0a1f604bc97d627c407b2452	Chordata	Actinopterygii	Perciformes	Scombridae	Scomber	Scomber scombrus	99.9999999
6551ce981fac2fcad81a2322c101d362	Chordata	Actinopterygii	Perciformes	Scombridae	Scomber	Scomber scombrus	100
db3669b0069fc13dab839a78a0aaa0fd	Chordata	Actinopterygii	Perciformes	Scombridae	Scomber	Scomber scombrus	99.9999999
81496900371d8a1c104f37ead8481237	Chordata	Actinopterygii	Perciformes	Scombridae	Scomber	Scomber scombrus	100
2a986ce88dbe82ee8c20d424dbaeed52	Chordata	Actinopterygii	Perciformes	Scombridae	Scomber	Scomber scombrus	100
2524344bd7e48421b671c5e53e2e002b	Chordata	Actinopterygii	Perciformes	Scombridae	Scomber	Scomber scombrus	100
8da50ba3c63259f9861b4bb22c84c299	Chordata	Actinopterygii	Perciformes	Scombridae	Scomber	Scomber scombrus	100
d8f8df4d39f5532430ebda3a8aa821ec	Chordata	Actinopterygii	Perciformes	Scombridae	Scomber	Scomber scombrus	99.9999997
2a1b1b12c11c9580a820a2b3b6757b73	Chordata	Actinopterygii	Perciformes	Scombridae	Scomber	Scomber scombrus	100
e11802d6c7669476dbb220292d8f834e	Chordata	Actinopterygii	Perciformes	Scombridae	Scomber	Scomber scombrus	100
f4f55a64128bb918abe9b1161748abad	Chordata	Actinopterygii	Perciformes	Scombridae	Scomber	Scomber scombrus	100
d8284b6ccf69633213bbb015d79a0336	Chordata	Actinopterygii	Perciformes	Scombridae	Scomber	Scomber scombrus	100
0800d6a50a3ea25001237c0df9f65101	Chordata	Actinopterygii	Perciformes	Scombridae	Scomber	Scomber scombrus	100
d4b584181ff53fdc05bf06e3657c32db	Chordata	Actinopterygii	Perciformes	Scombridae	Scomber	Scomber scombrus	100
eb3aa13eecd7eafab63cb9af2ab27031	Chordata	Actinopterygii	Perciformes	Scombridae	Scomber	Scomber scombrus	99.9999999
5fedf239806393def19fd9a2cab1c274	Chordata	Actinopterygii	Perciformes	Scombridae	Scomber	Scomber scombrus	99.9999994
310b34097375f35ccf6a90ca597f4476	Chordata	Actinopterygii	Perciformes	Scombridae	Scomber	Scomber scombrus	100
d9495b1183d739a8f80d24c564e6ffcd	Chordata	Actinopterygii	Perciformes	Scombridae	Scomber	Scomber scombrus	99.9999999
198f0d4a5375405246c7d328f7992660	Chordata	Actinopterygii	Perciformes	Scombridae	Scomber	Scomber scombrus	100
64c0ea40476b1b5eda3a50d36f1d0d58	Chordata	Actinopterygii	Perciformes	Scombridae	Scomber	Scomber scombrus	100
f406e1f75cf167e2fb14d175beee3fc8	Chordata	Actinopterygii	Perciformes	Scombridae	Scomber	Scomber scombrus	100
41f7e0e1488a7b4ffec8c7793f804975	Chordata	Actinopterygii	Perciformes	Scombridae	Scomber	Scomber scombrus	99.9999999
c1f555201b6d59531b5ab912bedf47a0	Chordata	Actinopterygii	Perciformes	Scombridae	Scomber	Scomber scombrus	100
de551d8fb61c89f3c9cbdfe4d69c324e	Chordata	Actinopterygii	Perciformes	Scombridae	Scomber	Scomber scombrus	100
ceea71806d418fe2f12f7990841bb78c	Chordata	Actinopterygii	Perciformes	Scombridae	Scomber	Scomber scombrus	99.9999999
ad0aa17c856fd541a21b856ce0cfe12d	Chordata	Actinopterygii	Perciformes	Scombridae	Scomber	Scomber scombrus	100
fa9a6da2c632f5b3331d89c0d0294f5d	Chordata	Actinopterygii	Perciformes	Scombridae	Scomber	Scomber scombrus	100
49a53119f92a05cf8b969e33fbc4317c	Chordata	Actinopterygii	Perciformes	Scombridae	Scomber	Scomber scombrus	100
a32dfb1e10179e6667262aab0da050d0	Chordata	Actinopterygii	Perciformes	Scombridae	Scomber	Scomber scombrus	100
1629eb31296d427800e26579d8d36a5d	Chordata	Actinopterygii	Perciformes	Scombridae	Scomber	Scomber scombrus	100
7778a3107335bc98e551c6cbb9928b27	Chordata	Actinopterygii	Perciformes	Scombridae	Scomber	Scomber scombrus	99.9999999
8ccc0c17df03505d8e549233b56363db	Chordata	Actinopterygii	Perciformes	Scombridae	Scomber	Scomber scombrus	100
b91921dc0f2c183f8f214e676a21f013	Chordata	Actinopterygii	Perciformes	Scombridae	Scomber	Scomber scombrus	99.9999999
30f584ef29102916e3b5eb933432278e	Chordata	Actinopterygii	Perciformes	Scombridae	Scomber	Scomber scombrus	100
e383b14ae8af891845af47abd41dd4e4	Chordata	Actinopterygii	Perciformes	Scombridae	Scomber	Scomber scombrus	100
2249c8d77d49af0e814120a523a7c41e	Chordata	Actinopterygii	Perciformes	Scombridae	Scomber	Scomber scombrus	100
029cf852883cf465e97e6d6148198846	Chordata	Actinopterygii	Perciformes	Scombridae	Scomber	Scomber scombrus	100
92522a3cecb41ab99c794a7a0dc2d611	Chordata	Actinopterygii	Perciformes	Scombridae	Scomber	Scomber scombrus	100
972a20cb96827c7fafb8ab60a5a417e3	Chordata	Actinopterygii	Perciformes	Scombridae	Scomber	Scomber scombrus	100
1dfeefbb4e800d8e36d9b33f88c7fc99	Chordata	Actinopterygii	Perciformes	Scombridae	Scomber	Scomber scombrus	99.9999999
7d049fdc98c0f78dfac91db7b4e2b386	Chordata	Actinopterygii	Perciformes	Scombridae	Scomber	Scomber scombrus	99.9999999
27b3188953da14cb5994e1f1f7e791b3	Chordata	Actinopterygii	Perciformes	Scombridae	Scomber	Scomber scombrus	99.9999996
f75e578ab33337b00e24c0b1167d5ff6	Chordata	Actinopterygii	Perciformes	Scombridae	Scomber	Scomber scombrus	100
5cb52163bf1b5770ab1bc137a1f90ae9	Chordata	Actinopterygii	Perciformes	Scombridae	Scomber	Scomber scombrus	100
4ed275eab1829c77135304f17bd3fe12	Chordata	Actinopterygii	Perciformes	Scombridae	Scomber	Scomber scombrus	100
d07ad7f21dab870c227f3514f885ea53	Chordata	Actinopterygii	Perciformes	Scombridae	Scomber	Scomber scombrus	100
75524ca64c0abef4d0f853b5c7456a52	Chordata	Actinopterygii	Perciformes	Scombridae	Scomber	Scomber scombrus	99.9999993
41dd1e49bcda955c32c8d8ee814fc69f	Chordata	Actinopterygii	Perciformes	Scombridae	Scomber	Scomber scombrus	99.9999999
ea9c7afcd0c3856779695adcc2bae858	Chordata	Actinopterygii	Perciformes	Scombridae	Scomber	Scomber scombrus	100
dbca5ffbd9e65ac2828c0f02fcf8861d	Chordata	Actinopterygii	Perciformes	Scombridae	Scomber	Scomber scombrus	100
e9ca8cf88bf993aaa8baec0301b1bcdc	Chordata	Actinopterygii	Perciformes	Scombridae	Scomber	Scomber scombrus	100
4f22cadb2393c270523940fce38ecd48	Chordata	Actinopterygii	Perciformes	Scombridae	Scomber	Scomber scombrus	99.9999981
3c6585ebfd7ecec9d7203b48d6753086	Chordata	Actinopterygii	Perciformes	Scombridae	Scomber	Scomber scombrus	99.9999999
a7890b2f1dd0a40a87ad66746d323eb0	Chordata	Actinopterygii	Perciformes	Scombridae	Scomber	Scomber scombrus	99.9999999
fc504f12c8c02f6b977f884be759b4de	Chordata	Actinopterygii	Perciformes	Scombridae	Scomber	Scomber scombrus	100
23a7572e356afa1c717ac52360ab53b6	Chordata	Actinopterygii	Perciformes	Scombridae	Scomber	Scomber scombrus	99.9999999
0ecd784e30c08afca167071931f17c79	Chordata	Actinopterygii	Perciformes	Scombridae	Scomber	Scomber scombrus	100
7ba089eb5098f8b5e860ad5fd551e11d	Chordata	Actinopterygii	Perciformes	Scombridae	Scomber	Scomber scombrus	99.9999999
dd4e1d886ed068ba61439755481abd91	Chordata	Actinopterygii	Perciformes	Scombridae	Scomber	Scomber scombrus	99.9999999
6b36ea6ae2e250cb7739774ba522cb19	Chordata	Actinopterygii	Perciformes	Scombridae	Scomber	Scomber scombrus	100
5064a2b449cac79e9e83b383400d478f	Chordata	Actinopterygii	Perciformes	Scombridae	Scomber	Scomber scombrus	100
d6e5b732bcc8f6ea50198e064cf752df	Chordata	Actinopterygii	Perciformes	Scombridae	Scomber	Scomber scombrus	99.9999999
444efbf95eca8d5e3b7951a79213dd71	Chordata	Actinopterygii	Perciformes	Scombridae	Scomber	Scomber scombrus	99.9999992
9564b4501c79fa04d2c5476c07598c83	Chordata	Actinopterygii	Perciformes	Scombridae	Scomber	Scomber scombrus	99.9999999
517c34d7fdecc9401608c41523a38eb8	Chordata	Actinopterygii	Perciformes	Scombridae	Scomber	Scomber scombrus	99.9999998
5337ea4408e26b46005e4fcf2303bfa8	Chordata	Actinopterygii	Perciformes	Scombridae	Scomber	Scomber scombrus	99.9999998
846332f13fe5f9f0c467683f13bc2955	Chordata	Actinopterygii	Perciformes	Scombridae	Scomber	Scomber scombrus	99.9999491
2a81d8c885354295abc882b7fb8b9a0e	Chordata	Actinopterygii	Perciformes	Scombridae	Scomber	Scomber scombrus	99.9999996
07cd00817500ad3de5225f6d26f048b3	Chordata	Actinopterygii	Perciformes	Scombridae	Scomber	Scomber scombrus	99.9999994
2fba4df759d61daaa15e382041680cf1	Chordata	Actinopterygii	Perciformes	Scombridae	Scomber	Scomber scombrus	99.9999992
a4776b51495d25f30aa6ac4d1a612648	Chordata	Actinopterygii	Perciformes	Scombridae	Scomber	Scomber scombrus	100
dbb7d71b038f909141eea2ca43ec723a	Chordata	Actinopterygii	Perciformes	Scombridae	Scomber	Scomber scombrus	99.9999999
4874d70092864c852cb3a6ea83996133	Chordata	Actinopterygii	Perciformes	Scombridae	Scomber	Scomber scombrus	99.9997119
e4ad8ab141038f6ae8446a9f116f8001	Chordata	Actinopterygii	Perciformes	Scombridae	Scomber	Scomber scombrus	99.9999969
f4d7ffa27b52fdb393749ccae395a7da	Chordata	Actinopterygii	Perciformes	Scombridae	Scomber	Scomber scombrus	99.9999913
11ab094a5bec76046cea45926e9b5c0b	Chordata	Actinopterygii	Perciformes	Scombridae	Scomber	Scomber scombrus	99.99991419999999
598cf45b7b40489a370d374374461acf	Chordata	Actinopterygii	Perciformes	Scombridae	Scomber	Scomber scombrus	99.8509567
969778343b6f565e761173e5884adfc1	Chordata	Actinopterygii	Perciformes	Scombridae	Scomber	Scomber scombrus	99.99999899999999
f7e3adbeff07c41ffad9206ea68e8840	Chordata	Actinopteri	Clupeiformes	Clupeidae	Clupea	Clupea pallasii	100
b58a398bddadc1aea1106ac6822c8bbf	Chordata	Actinopterygii	Clupeiformes	Clupeidae	NA	NA	92.884984
b4df53ff624988ee51e16bb9924ea94e	Chordata	Actinopterygii	Clupeiformes	Clupeidae	NA	NA	93.2835345
7b1a63f2f56dbfe9d6ce4646c0d85d77	Chordata	Actinopteri	Carangiformes	Carangidae	Trachinotus	Trachinotus carolinus	100
e51fef8ef70f284c1a0c4686681a089d	Chordata	Actinopteri	Carangiformes	Carangidae	Trachinotus	NA	96.951
fdd28af55b6c500e94275002ad65dc82	Chordata	Actinopteri	Carangiformes	Carangidae	Caranx	Caranx crysos	100
a1288d71cd258a7d5055a7d153385471	Chordata	Actinopterygii	Scorpaeniformes	Cottidae	Triglops	Triglops murrayi	99.9999985
2aa8a8efabe8d140c864eeaabcac80b4	Chordata	Actinopterygii	Scorpaeniformes	Cottidae	Triglops	Triglops murrayi	99.99999779999999
ddc00edac703afaa17011b7de1032f35	Chordata	Actinopterygii	Scorpaeniformes	Cottidae	Triglops	Triglops murrayi	99.99999779999999
